date,strike,expiry,cp,total_oi,settlement_price,volume,dealer_long_oi,dealer_short_oi,dealer_net_oi,dealer_fraction
2026-01-09,25500,202601F2,P,123,0.0,0,58981,72748,-12,-0.104510
2026-01-09,25700,202601F2,P,55,0.0,0,58981,72748,-5,-0.104510
2026-01-09,25800,202601F2,P,1,0.0,0,58981,72748,0,-0.104510
2026-01-09,25900,202601F2,P,1,0.0,0,58981,72748,0,-0.104510
2026-01-09,26000,202601F2,P,26,0.0,0,58981,72748,-2,-0.104510
2026-01-09,26100,202601F2,P,2,0.0,0,58981,72748,0,-0.104510
2026-01-09,26200,202601F2,P,7,0.0,0,58981,72748,0,-0.104510
2026-01-09,26300,202601F2,P,14,0.0,0,58981,72748,-1,-0.104510
2026-01-09,26400,202601F2,P,48,0.0,0,58981,72748,-5,-0.104510
2026-01-09,26500,202601F2,P,145,0.0,1,58981,72748,-15,-0.104510
2026-01-09,26600,202601F2,P,45,0.0,0,58981,72748,-4,-0.104510
2026-01-09,26700,202601F2,P,11,0.0,0,58981,72748,-1,-0.104510
2026-01-09,26800,202601F2,P,22,0.0,0,58981,72748,-2,-0.104510
2026-01-09,26900,202601F2,P,23,0.0,0,58981,72748,-2,-0.104510
2026-01-09,27000,202601F2,P,197,0.0,0,58981,72748,-20,-0.104510
2026-01-09,27100,202601F2,P,16,0.0,0,58981,72748,-1,-0.104510
2026-01-09,27200,202601F2,P,17,0.0,0,58981,72748,-1,-0.104510
2026-01-09,27300,202601F2,P,62,0.0,0,58981,72748,-6,-0.104510
2026-01-09,27400,202601F2,P,30,0.0,0,58981,72748,-3,-0.104510
2026-01-09,27500,202601F2,P,60,0.0,1,58981,72748,-6,-0.104510
2026-01-09,27550,202601F2,P,21,0.0,0,58981,72748,-2,-0.104510
2026-01-09,27600,202601F2,P,12,0.0,0,58981,72748,-1,-0.104510
2026-01-09,27650,202601F2,P,15,0.0,0,58981,72748,-1,-0.104510
2026-01-09,27700,202601F2,P,34,0.0,0,58981,72748,-3,-0.104510
2026-01-09,27750,202601F2,P,20,0.0,0,58981,72748,-2,-0.104510
2026-01-09,27800,202601F2,P,24,0.0,0,58981,72748,-2,-0.104510
2026-01-09,27850,202601F2,P,23,0.0,0,58981,72748,-2,-0.104510
2026-01-09,27900,202601F2,P,58,0.0,0,58981,72748,-6,-0.104510
2026-01-09,27950,202601F2,P,24,0.0,0,58981,72748,-2,-0.104510
2026-01-09,28000,202601F2,P,169,0.0,0,58981,72748,-17,-0.104510
2026-01-09,28050,202601F2,P,4,0.0,0,58981,72748,0,-0.104510
2026-01-09,28100,202601F2,P,72,0.0,0,58981,72748,-7,-0.104510
2026-01-09,28150,202601F2,P,5,0.0,0,58981,72748,0,-0.104510
2026-01-09,28200,202601F2,P,72,0.0,160,58981,72748,-7,-0.104510
2026-01-09,28250,202601F2,P,15,0.0,4,58981,72748,-1,-0.104510
2026-01-09,28300,202601F2,C,20,0.0,0,58981,72748,-2,-0.104510
2026-01-09,28300,202601F2,P,77,0.0,148,58981,72748,-8,-0.104510
2026-01-09,28350,202601F2,C,14,0.0,0,58981,72748,-1,-0.104510
2026-01-09,28350,202601F2,P,83,0.0,42,58981,72748,-8,-0.104510
2026-01-09,28400,202601F2,P,96,0.0,0,58981,72748,-10,-0.104510
2026-01-09,28450,202601F2,P,107,0.0,20,58981,72748,-11,-0.104510
2026-01-09,28500,202601F2,C,32,0.0,0,58981,72748,-3,-0.104510
2026-01-09,28500,202601F2,P,116,0.0,48,58981,72748,-12,-0.104510
2026-01-09,28550,202601F2,P,49,0.0,12,58981,72748,-5,-0.104510
2026-01-09,28600,202601F2,C,1,0.0,0,58981,72748,0,-0.104510
2026-01-09,28600,202601F2,P,550,0.0,4,58981,72748,-57,-0.104510
2026-01-09,28650,202601F2,C,1,0.0,0,58981,72748,0,-0.104510
2026-01-09,28650,202601F2,P,143,0.0,71,58981,72748,-14,-0.104510
2026-01-09,28700,202601F2,C,2,0.0,0,58981,72748,0,-0.104510
2026-01-09,28700,202601F2,P,64,0.0,6,58981,72748,-6,-0.104510
2026-01-09,28750,202601F2,C,1,0.0,0,58981,72748,0,-0.104510
2026-01-09,28750,202601F2,P,66,0.0,2,58981,72748,-6,-0.104510
2026-01-09,28800,202601F2,C,4,0.0,2,58981,72748,0,-0.104510
2026-01-09,28800,202601F2,P,147,0.0,27,58981,72748,-15,-0.104510
2026-01-09,28850,202601F2,C,3,0.0,2,58981,72748,0,-0.104510
2026-01-09,28850,202601F2,P,80,0.0,7,58981,72748,-8,-0.104510
2026-01-09,28900,202601F2,C,15,0.0,0,58981,72748,-1,-0.104510
2026-01-09,28900,202601F2,P,202,0.0,29,58981,72748,-21,-0.104510
2026-01-09,28950,202601F2,C,31,0.0,0,58981,72748,-3,-0.104510
2026-01-09,28950,202601F2,P,38,0.0,19,58981,72748,-3,-0.104510
2026-01-09,29000,202601F2,C,17,0.0,1,58981,72748,-1,-0.104510
2026-01-09,29000,202601F2,P,716,0.0,203,58981,72748,-74,-0.104510
2026-01-09,29050,202601F2,C,11,0.0,0,58981,72748,-1,-0.104510
2026-01-09,29050,202601F2,P,82,0.0,48,58981,72748,-8,-0.104510
2026-01-09,29100,202601F2,C,19,0.0,0,58981,72748,-1,-0.104510
2026-01-09,29100,202601F2,P,497,0.0,373,58981,72748,-51,-0.104510
2026-01-09,29150,202601F2,C,1,0.0,0,58981,72748,0,-0.104510
2026-01-09,29150,202601F2,P,210,0.0,98,58981,72748,-21,-0.104510
2026-01-09,29200,202601F2,C,27,0.0,5,58981,72748,-2,-0.104510
2026-01-09,29200,202601F2,P,356,0.0,483,58981,72748,-37,-0.104510
2026-01-09,29250,202601F2,C,4,0.0,0,58981,72748,0,-0.104510
2026-01-09,29250,202601F2,P,232,0.0,177,58981,72748,-24,-0.104510
2026-01-09,29300,202601F2,C,45,0.0,0,58981,72748,-4,-0.104510
2026-01-09,29300,202601F2,P,465,0.0,270,58981,72748,-48,-0.104510
2026-01-09,29350,202601F2,C,41,0.0,0,58981,72748,-4,-0.104510
2026-01-09,29350,202601F2,P,293,0.0,130,58981,72748,-30,-0.104510
2026-01-09,29400,202601F2,C,86,0.0,21,58981,72748,-8,-0.104510
2026-01-09,29400,202601F2,P,889,0.0,1079,58981,72748,-92,-0.104510
2026-01-09,29450,202601F2,C,38,0.0,26,58981,72748,-3,-0.104510
2026-01-09,29450,202601F2,P,419,0.0,646,58981,72748,-43,-0.104510
2026-01-09,29500,202601F2,C,82,0.0,23,58981,72748,-8,-0.104510
2026-01-09,29500,202601F2,P,1495,0.0,1708,58981,72748,-156,-0.104510
2026-01-09,29550,202601F2,C,11,0.0,3,58981,72748,-1,-0.104510
2026-01-09,29550,202601F2,P,926,0.0,1466,58981,72748,-96,-0.104510
2026-01-09,29600,202601F2,C,99,0.0,33,58981,72748,-10,-0.104510
2026-01-09,29600,202601F2,P,1623,0.0,3361,58981,72748,-169,-0.104510
2026-01-09,29650,202601F2,C,36,0.0,2,58981,72748,-3,-0.104510
2026-01-09,29650,202601F2,P,1399,0.0,3042,58981,72748,-146,-0.104510
2026-01-09,29700,202601F2,C,116,0.0,157,58981,72748,-12,-0.104510
2026-01-09,29700,202601F2,P,2048,0.0,6015,58981,72748,-214,-0.104510
2026-01-09,29750,202601F2,C,20,0.0,33,58981,72748,-2,-0.104510
2026-01-09,29750,202601F2,P,1087,0.0,6179,58981,72748,-113,-0.104510
2026-01-09,29800,202601F2,C,105,0.0,151,58981,72748,-10,-0.104510
2026-01-09,29800,202601F2,P,2996,0.0,7986,58981,72748,-313,-0.104510
2026-01-09,29850,202601F2,C,10,0.0,244,58981,72748,-1,-0.104510
2026-01-09,29850,202601F2,P,1435,0.0,7608,58981,72748,-149,-0.104510
2026-01-09,29900,202601F2,C,490,0.0,1046,58981,72748,-51,-0.104510
2026-01-09,29900,202601F2,P,3654,0.0,14454,58981,72748,-381,-0.104510
2026-01-09,29950,202601F2,C,505,0.0,1819,58981,72748,-52,-0.104510
2026-01-09,29950,202601F2,P,2194,0.0,12925,58981,72748,-229,-0.104510
2026-01-09,30000,202601F2,C,1033,0.0,5798,58981,72748,-107,-0.104510
2026-01-09,30000,202601F2,P,5757,0.0,30164,58981,72748,-601,-0.104510
2026-01-09,30050,202601F2,C,659,0.0,5111,58981,72748,-68,-0.104510
2026-01-09,30050,202601F2,P,2857,0.0,19753,58981,72748,-298,-0.104510
2026-01-09,30100,202601F2,C,1235,0.0,13011,58981,72748,-129,-0.104510
2026-01-09,30100,202601F2,P,4487,0.0,32596,58981,72748,-468,-0.104510
2026-01-09,30150,202601F2,C,707,0.0,11422,58981,72748,-73,-0.104510
2026-01-09,30150,202601F2,P,4056,0.0,26734,58981,72748,-423,-0.104510
2026-01-09,30200,202601F2,C,1645,0.0,24846,58981,72748,-171,-0.104510
2026-01-09,30200,202601F2,P,5274,0.0,44460,58981,72748,-551,-0.104510
2026-01-09,30250,202601F2,C,883,0.0,24799,58981,72748,-92,-0.104510
2026-01-09,30250,202601F2,P,4450,0.0,37565,58981,72748,-465,-0.104510
2026-01-09,30300,202601F2,C,2870,0.0,49030,58981,72748,-299,-0.104510
2026-01-09,30300,202601F2,P,6211,0.0,47024,58981,72748,-649,-0.104510
2026-01-09,30350,202601F2,C,5205,0.0,50787,58981,72748,-543,-0.104510
2026-01-09,30350,202601F2,P,2226,0.0,42324,58981,72748,-232,-0.104510
2026-01-09,30400,202601F2,C,5137,0.0,59741,58981,72748,-536,-0.104510
2026-01-09,30400,202601F2,P,3425,0.0,47715,58981,72748,-357,-0.104510
2026-01-09,30450,202601F2,C,5979,0.0,50520,58981,72748,-624,-0.104510
2026-01-09,30450,202601F2,P,2301,0.0,25205,58981,72748,-240,-0.104510
2026-01-09,30500,202601F2,C,8047,0.0,56382,58981,72748,-840,-0.104510
2026-01-09,30500,202601F2,P,2013,0.0,18735,58981,72748,-210,-0.104510
2026-01-09,30550,202601F2,C,4527,0.0,29618,58981,72748,-473,-0.104510
2026-01-09,30550,202601F2,P,640,0.0,5370,58981,72748,-66,-0.104510
2026-01-09,30600,202601F2,C,6636,0.0,27977,58981,72748,-693,-0.104510
2026-01-09,30600,202601F2,P,659,0.0,3428,58981,72748,-68,-0.104510
2026-01-09,30650,202601F2,C,4627,0.0,14284,58981,72748,-483,-0.104510
2026-01-09,30650,202601F2,P,348,0.0,1090,58981,72748,-36,-0.104510
2026-01-09,30700,202601F2,C,4886,0.0,15584,58981,72748,-510,-0.104510
2026-01-09,30700,202601F2,P,340,0.0,976,58981,72748,-35,-0.104510
2026-01-09,30750,202601F2,C,3256,0.0,7619,58981,72748,-340,-0.104510
2026-01-09,30750,202601F2,P,84,0.0,265,58981,72748,-8,-0.104510
2026-01-09,30800,202601F2,C,3966,0.0,8928,58981,72748,-414,-0.104510
2026-01-09,30800,202601F2,P,109,0.0,310,58981,72748,-11,-0.104510
2026-01-09,30850,202601F2,C,2558,0.0,5859,58981,72748,-267,-0.104510
2026-01-09,30850,202601F2,P,43,0.0,71,58981,72748,-4,-0.104510
2026-01-09,30900,202601F2,C,2088,0.0,5252,58981,72748,-218,-0.104510
2026-01-09,30900,202601F2,P,13,0.0,54,58981,72748,-1,-0.104510
2026-01-09,30950,202601F2,C,1822,0.0,1452,58981,72748,-190,-0.104510
2026-01-09,30950,202601F2,P,2,0.0,5,58981,72748,0,-0.104510
2026-01-09,31000,202601F2,C,3435,0.0,4067,58981,72748,-358,-0.104510
2026-01-09,31000,202601F2,P,4,0.0,24,58981,72748,0,-0.104510
2026-01-09,31050,202601F2,C,891,0.0,1004,58981,72748,-93,-0.104510
2026-01-09,31100,202601F2,C,3639,0.0,1029,58981,72748,-380,-0.104510
2026-01-09,31100,202601F2,P,3,0.0,2,58981,72748,0,-0.104510
2026-01-09,31150,202601F2,C,431,0.0,803,58981,72748,-45,-0.104510
2026-01-09,31200,202601F2,C,834,0.0,598,58981,72748,-87,-0.104510
2026-01-09,31250,202601F2,C,353,0.0,599,58981,72748,-36,-0.104510
2026-01-09,31300,202601F2,C,543,0.0,544,58981,72748,-56,-0.104510
2026-01-09,31350,202601F2,C,156,0.0,268,58981,72748,-16,-0.104510
2026-01-09,31350,202601F2,P,1,0.0,0,58981,72748,0,-0.104510
2026-01-09,31400,202601F2,C,1211,0.0,442,58981,72748,-126,-0.104510
2026-01-09,31400,202601F2,P,1,0.0,1,58981,72748,0,-0.104510
2026-01-09,31450,202601F2,C,205,0.0,403,58981,72748,-21,-0.104510
2026-01-09,31500,202601F2,C,548,0.0,510,58981,72748,-57,-0.104510
2026-01-09,31600,202601F2,C,825,0.0,576,58981,72748,-86,-0.104510
2026-01-09,31700,202601F2,C,181,0.0,606,58981,72748,-18,-0.104510
2026-01-09,31800,202601F2,C,70,0.0,401,58981,72748,-7,-0.104510
2026-01-09,31900,202601F2,C,43,0.0,0,58981,72748,-4,-0.104510
2026-01-09,32000,202601F2,C,157,0.0,31,58981,72748,-16,-0.104510
2026-01-09,32100,202601F2,C,69,0.0,16,58981,72748,-7,-0.104510
2026-01-09,32200,202601F2,C,64,0.0,4,58981,72748,-6,-0.104510
2026-01-09,32300,202601F2,C,3,0.0,0,58981,72748,0,-0.104510
2026-01-09,32400,202601F2,C,5,0.0,0,58981,72748,0,-0.104510
2026-01-09,32500,202601F2,C,41,0.0,0,58981,72748,-4,-0.104510
2026-01-09,33200,202601F2,C,5,0.0,0,58981,72748,0,-0.104510
2026-01-09,33600,202601F2,C,2,0.0,0,58981,72748,0,-0.104510
2026-01-09,33700,202601F2,C,4,0.0,0,58981,72748,0,-0.104510
2026-01-09,25800,202601W2,P,253,0.1,52,58981,72748,-26,-0.104510
2026-01-09,25900,202601W2,P,233,0.2,0,58981,72748,-24,-0.104510
2026-01-09,26000,202601W2,P,232,0.3,60,58981,72748,-24,-0.104510
2026-01-09,26100,202601W2,P,5,0.3,13,58981,72748,0,-0.104510
2026-01-09,26200,202601W2,P,19,0.5,26,58981,72748,-1,-0.104510
2026-01-09,26400,202601W2,P,28,0.9,17,58981,72748,-2,-0.104510
2026-01-09,26500,202601W2,P,192,1.0,43,58981,72748,-20,-0.104510
2026-01-09,26600,202601W2,P,152,1.0,2,58981,72748,-15,-0.104510
2026-01-09,26700,202601W2,P,40,1.4,3,58981,72748,-4,-0.104510
2026-01-09,26800,202601W2,P,65,1.5,15,58981,72748,-6,-0.104510
2026-01-09,26900,202601W2,P,8,1.6,4,58981,72748,0,-0.104510
2026-01-09,27000,202601W2,P,289,1.7,179,58981,72748,-30,-0.104510
2026-01-09,27100,202601W2,P,81,2.1,8,58981,72748,-8,-0.104510
2026-01-09,27200,202601W2,P,355,2.6,8,58981,72748,-37,-0.104510
2026-01-09,27300,202601W2,P,45,2.6,31,58981,72748,-4,-0.104510
2026-01-09,27400,202601W2,P,45,2.7,2,58981,72748,-4,-0.104510
2026-01-09,27500,202601W2,P,317,2.7,231,58981,72748,-33,-0.104510
2026-01-09,27600,202601W2,P,54,2.8,28,58981,72748,-5,-0.104510
2026-01-09,27700,202601W2,P,242,3.5,30,58981,72748,-25,-0.104510
2026-01-09,27800,202601W2,P,126,3.6,3,58981,72748,-13,-0.104510
2026-01-09,27850,202601W2,P,79,3.7,0,58981,72748,-8,-0.104510
2026-01-09,27900,202601W2,P,30,3.8,26,58981,72748,-3,-0.104510
2026-01-09,27950,202601W2,P,5,3.9,2,58981,72748,0,-0.104510
2026-01-09,28000,202601W2,P,1953,3.9,1891,58981,72748,-204,-0.104510
2026-01-09,28050,202601W2,P,26,4.4,5,58981,72748,-2,-0.104510
2026-01-09,28100,202601W2,P,31,4.6,171,58981,72748,-3,-0.104510
2026-01-09,28150,202601W2,P,61,4.8,57,58981,72748,-6,-0.104510
2026-01-09,28200,202601W2,C,1,2190.0,0,58981,72748,0,-0.104510
2026-01-09,28200,202601W2,P,258,5.1,108,58981,72748,-26,-0.104510
2026-01-09,28250,202601W2,P,65,5.5,43,58981,72748,-6,-0.104510
2026-01-09,28300,202601W2,C,4,2090.0,0,58981,72748,0,-0.104510
2026-01-09,28300,202601W2,P,134,6.0,173,58981,72748,-14,-0.104510
2026-01-09,28350,202601W2,P,62,6.3,101,58981,72748,-6,-0.104510
2026-01-09,28400,202601W2,P,193,6.9,238,58981,72748,-20,-0.104510
2026-01-09,28450,202601W2,P,29,7.1,28,58981,72748,-3,-0.104510
2026-01-09,28500,202601W2,C,2,1890.0,0,58981,72748,0,-0.104510
2026-01-09,28500,202601W2,P,385,8.1,522,58981,72748,-40,-0.104510
2026-01-09,28550,202601W2,P,75,8.1,124,58981,72748,-7,-0.104510
2026-01-09,28600,202601W2,C,1,1800.0,1,58981,72748,0,-0.104510
2026-01-09,28600,202601W2,P,231,8.3,394,58981,72748,-24,-0.104510
2026-01-09,28650,202601W2,P,110,9.7,182,58981,72748,-11,-0.104510
2026-01-09,28700,202601W2,C,1,1700.0,0,58981,72748,0,-0.104510
2026-01-09,28700,202601W2,P,391,10.0,519,58981,72748,-40,-0.104510
2026-01-09,28750,202601W2,P,92,11.0,238,58981,72748,-9,-0.104510
2026-01-09,28800,202601W2,C,2,1600.0,0,58981,72748,0,-0.104510
2026-01-09,28800,202601W2,P,475,13.0,783,58981,72748,-49,-0.104510
2026-01-09,28850,202601W2,C,20,1550.0,0,58981,72748,-2,-0.104510
2026-01-09,28850,202601W2,P,83,13.5,174,58981,72748,-8,-0.104510
2026-01-09,28900,202601W2,C,22,1500.0,0,58981,72748,-2,-0.104510
2026-01-09,28900,202601W2,P,326,14.0,621,58981,72748,-34,-0.104510
2026-01-09,28950,202601W2,C,21,1450.0,0,58981,72748,-2,-0.104510
2026-01-09,28950,202601W2,P,143,16.0,340,58981,72748,-14,-0.104510
2026-01-09,29000,202601W2,C,23,1410.0,1,58981,72748,-2,-0.104510
2026-01-09,29000,202601W2,P,1387,17.5,2263,58981,72748,-144,-0.104510
2026-01-09,29050,202601W2,C,20,1360.0,0,58981,72748,-2,-0.104510
2026-01-09,29050,202601W2,P,195,19.5,481,58981,72748,-20,-0.104510
2026-01-09,29100,202601W2,C,20,1310.0,0,58981,72748,-2,-0.104510
2026-01-09,29100,202601W2,P,272,21.0,824,58981,72748,-28,-0.104510
2026-01-09,29150,202601W2,C,21,1260.0,0,58981,72748,-2,-0.104510
2026-01-09,29150,202601W2,P,284,22.5,778,58981,72748,-29,-0.104510
2026-01-09,29200,202601W2,C,27,1210.0,0,58981,72748,-2,-0.104510
2026-01-09,29200,202601W2,P,1007,26.0,1883,58981,72748,-105,-0.104510
2026-01-09,29250,202601W2,C,21,1170.0,0,58981,72748,-2,-0.104510
2026-01-09,29250,202601W2,P,509,29.0,1080,58981,72748,-53,-0.104510
2026-01-09,29300,202601W2,C,22,1120.0,1,58981,72748,-2,-0.104510
2026-01-09,29300,202601W2,P,693,31.0,1875,58981,72748,-72,-0.104510
2026-01-09,29350,202601W2,C,20,1070.0,0,58981,72748,-2,-0.104510
2026-01-09,29350,202601W2,P,417,34.0,1143,58981,72748,-43,-0.104510
2026-01-09,29400,202601W2,C,36,1020.0,3,58981,72748,-3,-0.104510
2026-01-09,29400,202601W2,P,759,38.0,2011,58981,72748,-79,-0.104510
2026-01-09,29450,202601W2,C,31,980.0,2,58981,72748,-3,-0.104510
2026-01-09,29450,202601W2,P,341,41.5,1171,58981,72748,-35,-0.104510
2026-01-09,29500,202601W2,C,32,930.0,21,58981,72748,-3,-0.104510
2026-01-09,29500,202601W2,P,1134,46.0,3419,58981,72748,-118,-0.104510
2026-01-09,29550,202601W2,C,25,885.0,0,58981,72748,-2,-0.104510
2026-01-09,29550,202601W2,P,349,51.0,1171,58981,72748,-36,-0.104510
2026-01-09,29600,202601W2,C,20,845.0,9,58981,72748,-2,-0.104510
2026-01-09,29600,202601W2,P,821,57.0,2067,58981,72748,-85,-0.104510
2026-01-09,29650,202601W2,C,12,800.0,0,58981,72748,-1,-0.104510
2026-01-09,29650,202601W2,P,547,61.0,1005,58981,72748,-57,-0.104510
2026-01-09,29700,202601W2,C,42,755.0,30,58981,72748,-4,-0.104510
2026-01-09,29700,202601W2,P,758,68.0,1905,58981,72748,-79,-0.104510
2026-01-09,29750,202601W2,C,11,710.0,0,58981,72748,-1,-0.104510
2026-01-09,29750,202601W2,P,609,76.0,1128,58981,72748,-63,-0.104510
2026-01-09,29800,202601W2,C,14,670.0,20,58981,72748,-1,-0.104510
2026-01-09,29800,202601W2,P,960,83.0,2851,58981,72748,-100,-0.104510
2026-01-09,29850,202601W2,C,8,630.0,1,58981,72748,0,-0.104510
2026-01-09,29850,202601W2,P,422,93.0,1086,58981,72748,-44,-0.104510
2026-01-09,29900,202601W2,C,18,580.0,44,58981,72748,-1,-0.104510
2026-01-09,29900,202601W2,P,1119,100.0,2963,58981,72748,-116,-0.104510
2026-01-09,29950,202601W2,C,35,550.0,24,58981,72748,-3,-0.104510
2026-01-09,29950,202601W2,P,428,113.0,1126,58981,72748,-44,-0.104510
2026-01-09,30000,202601W2,C,160,505.0,404,58981,72748,-16,-0.104510
2026-01-09,30000,202601W2,P,1621,124.0,5345,58981,72748,-169,-0.104510
2026-01-09,30050,202601W2,C,45,472.0,217,58981,72748,-4,-0.104510
2026-01-09,30050,202601W2,P,340,136.0,1458,58981,72748,-35,-0.104510
2026-01-09,30100,202601W2,C,113,435.0,737,58981,72748,-11,-0.104510
2026-01-09,30100,202601W2,P,800,150.0,3022,58981,72748,-83,-0.104510
2026-01-09,30150,202601W2,C,77,401.0,427,58981,72748,-8,-0.104510
2026-01-09,30150,202601W2,P,382,166.0,1971,58981,72748,-39,-0.104510
2026-01-09,30200,202601W2,C,494,367.0,1533,58981,72748,-51,-0.104510
2026-01-09,30200,202601W2,P,848,180.0,3678,58981,72748,-88,-0.104510
2026-01-09,30250,202601W2,C,164,334.0,1118,58981,72748,-17,-0.104510
2026-01-09,30250,202601W2,P,387,200.0,2029,58981,72748,-40,-0.104510
2026-01-09,30300,202601W2,C,542,299.0,3071,58981,72748,-56,-0.104510
2026-01-09,30300,202601W2,P,562,220.0,3043,58981,72748,-58,-0.104510
2026-01-09,30350,202601W2,C,589,273.0,2151,58981,72748,-61,-0.104510
2026-01-09,30350,202601W2,P,448,237.0,1645,58981,72748,-46,-0.104510
2026-01-09,30400,202601W2,C,1043,238.0,3632,58981,72748,-109,-0.104510
2026-01-09,30400,202601W2,P,651,257.0,3049,58981,72748,-68,-0.104510
2026-01-09,30450,202601W2,C,415,213.0,2364,58981,72748,-43,-0.104510
2026-01-09,30450,202601W2,P,255,277.0,849,58981,72748,-26,-0.104510
2026-01-09,30500,202601W2,C,1593,188.0,6566,58981,72748,-166,-0.104510
2026-01-09,30500,202601W2,P,542,304.0,1906,58981,72748,-56,-0.104510
2026-01-09,30550,202601W2,C,573,165.0,2501,58981,72748,-59,-0.104510
2026-01-09,30550,202601W2,P,114,330.0,476,58981,72748,-11,-0.104510
2026-01-09,30600,202601W2,C,983,145.0,4536,58981,72748,-102,-0.104510
2026-01-09,30600,202601W2,P,155,360.0,564,58981,72748,-16,-0.104510
2026-01-09,30650,202601W2,C,474,125.0,1880,58981,72748,-49,-0.104510
2026-01-09,30650,202601W2,P,46,390.0,58,58981,72748,-4,-0.104510
2026-01-09,30700,202601W2,C,1066,107.0,3917,58981,72748,-111,-0.104510
2026-01-09,30700,202601W2,P,55,423.0,115,58981,72748,-5,-0.104510
2026-01-09,30750,202601W2,C,430,92.0,1859,58981,72748,-44,-0.104510
2026-01-09,30750,202601W2,P,29,456.0,48,58981,72748,-3,-0.104510
2026-01-09,30800,202601W2,C,1608,78.0,5599,58981,72748,-168,-0.104510
2026-01-09,30800,202601W2,P,70,493.0,87,58981,72748,-7,-0.104510
2026-01-09,30850,202601W2,C,665,65.0,2471,58981,72748,-69,-0.104510
2026-01-09,30850,202601W2,P,8,530.0,4,58981,72748,0,-0.104510
2026-01-09,30900,202601W2,C,806,56.0,3204,58981,72748,-84,-0.104510
2026-01-09,30900,202601W2,P,10,570.0,13,58981,72748,-1,-0.104510
2026-01-09,30950,202601W2,C,652,45.0,2096,58981,72748,-68,-0.104510
2026-01-09,30950,202601W2,P,9,610.0,10,58981,72748,0,-0.104510
2026-01-09,31000,202601W2,C,1366,36.5,4851,58981,72748,-142,-0.104510
2026-01-09,31000,202601W2,P,12,655.0,13,58981,72748,-1,-0.104510
2026-01-09,31050,202601W2,C,528,29.0,1723,58981,72748,-55,-0.104510
2026-01-09,31050,202601W2,P,5,690.0,5,58981,72748,0,-0.104510
2026-01-09,31100,202601W2,C,1162,24.0,2956,58981,72748,-121,-0.104510
2026-01-09,31100,202601W2,P,14,735.0,0,58981,72748,-1,-0.104510
2026-01-09,31150,202601W2,C,854,18.5,1782,58981,72748,-89,-0.104510
2026-01-09,31150,202601W2,P,8,780.0,0,58981,72748,0,-0.104510
2026-01-09,31200,202601W2,C,1400,14.5,3042,58981,72748,-146,-0.104510
2026-01-09,31200,202601W2,P,5,830.0,3,58981,72748,0,-0.104510
2026-01-09,31250,202601W2,C,1036,11.5,2442,58981,72748,-108,-0.104510
2026-01-09,31250,202601W2,P,5,875.0,0,58981,72748,0,-0.104510
2026-01-09,31300,202601W2,C,1935,8.7,3762,58981,72748,-202,-0.104510
2026-01-09,31350,202601W2,C,583,6.7,1510,58981,72748,-60,-0.104510
2026-01-09,31400,202601W2,C,1074,6.6,1975,58981,72748,-112,-0.104510
2026-01-09,31450,202601W2,C,616,5.3,947,58981,72748,-64,-0.104510
2026-01-09,31500,202601W2,C,1252,4.7,1710,58981,72748,-130,-0.104510
2026-01-09,31600,202601W2,C,1429,2.3,843,58981,72748,-149,-0.104510
2026-01-09,31700,202601W2,C,3085,2.2,2775,58981,72748,-322,-0.104510
2026-01-09,31800,202601W2,C,8778,1.3,8948,58981,72748,-917,-0.104510
2026-01-09,31900,202601W2,C,249,1.1,574,58981,72748,-26,-0.104510
2026-01-09,32000,202601W2,C,1190,0.8,1362,58981,72748,-124,-0.104510
2026-01-09,32100,202601W2,C,46,0.8,177,58981,72748,-4,-0.104510
2026-01-09,32200,202601W2,C,10,0.7,97,58981,72748,-1,-0.104510
2026-01-09,32300,202601W2,C,36,0.5,364,58981,72748,-3,-0.104510
2026-01-09,32400,202601W2,C,19,0.5,388,58981,72748,-1,-0.104510
2026-01-09,32500,202601W2,C,22,0.5,420,58981,72748,-2,-0.104510
2026-01-09,32600,202601W2,C,28,0.4,63,58981,72748,-2,-0.104510
2026-01-09,32700,202601W2,C,6,0.4,15,58981,72748,0,-0.104510
2026-01-09,32800,202601W2,C,101,0.4,131,58981,72748,-10,-0.104510
2026-01-09,32900,202601W2,C,6,0.4,0,58981,72748,0,-0.104510
2026-01-09,33000,202601W2,C,8,0.3,0,58981,72748,0,-0.104510
2026-01-09,33200,202601W2,C,5,0.3,0,58981,72748,0,-0.104510
2026-01-09,33300,202601W2,C,1,0.3,0,58981,72748,0,-0.104510
2026-01-09,33700,202601W2,C,10,0.2,7,58981,72748,-1,-0.104510
2026-01-09,26000,202601F3,P,53,2.4,3,58981,72748,-5,-0.104510
2026-01-09,26100,202601F3,P,2,2.9,0,58981,72748,0,-0.104510
2026-01-09,26200,202601F3,P,109,3.1,0,58981,72748,-11,-0.104510
2026-01-09,26300,202601F3,P,157,3.3,0,58981,72748,-16,-0.104510
2026-01-09,26400,202601F3,P,298,3.5,0,58981,72748,-31,-0.104510
2026-01-09,26500,202601F3,P,317,4.0,5,58981,72748,-33,-0.104510
2026-01-09,26600,202601F3,P,14,4.1,0,58981,72748,-1,-0.104510
2026-01-09,26700,202601F3,P,13,4.3,0,58981,72748,-1,-0.104510
2026-01-09,26800,202601F3,P,21,4.6,3,58981,72748,-2,-0.104510
2026-01-09,26900,202601F3,P,25,4.9,0,58981,72748,-2,-0.104510
2026-01-09,27000,202601F3,P,135,5.3,3,58981,72748,-14,-0.104510
2026-01-09,27100,202601F3,P,11,5.8,6,58981,72748,-1,-0.104510
2026-01-09,27200,202601F3,P,33,6.7,10,58981,72748,-3,-0.104510
2026-01-09,27300,202601F3,P,23,6.8,2,58981,72748,-2,-0.104510
2026-01-09,27400,202601F3,P,12,8.0,0,58981,72748,-1,-0.104510
2026-01-09,27500,202601F3,P,29,8.1,1,58981,72748,-3,-0.104510
2026-01-09,27600,202601F3,P,61,8.2,35,58981,72748,-6,-0.104510
2026-01-09,27700,202601F3,P,146,10.5,131,58981,72748,-15,-0.104510
2026-01-09,27800,202601F3,P,108,11.5,101,58981,72748,-11,-0.104510
2026-01-09,27900,202601F3,P,11,12.5,0,58981,72748,-1,-0.104510
2026-01-09,28000,202601F3,P,104,15.0,19,58981,72748,-10,-0.104510
2026-01-09,28100,202601F3,P,8,15.5,8,58981,72748,0,-0.104510
2026-01-09,28200,202601F3,P,8,18.0,2,58981,72748,0,-0.104510
2026-01-09,28250,202601F3,P,7,18.5,7,58981,72748,0,-0.104510
2026-01-09,28300,202601F3,P,25,19.0,34,58981,72748,-2,-0.104510
2026-01-09,28350,202601F3,P,12,22.0,3,58981,72748,-1,-0.104510
2026-01-09,28400,202601F3,P,12,22.5,8,58981,72748,-1,-0.104510
2026-01-09,28450,202601F3,P,9,24.0,4,58981,72748,0,-0.104510
2026-01-09,28500,202601F3,C,12,1940.0,12,58981,72748,-1,-0.104510
2026-01-09,28500,202601F3,P,50,24.0,27,58981,72748,-5,-0.104510
2026-01-09,28550,202601F3,P,2,26.0,0,58981,72748,0,-0.104510
2026-01-09,28600,202601F3,P,30,28.0,15,58981,72748,-3,-0.104510
2026-01-09,28650,202601F3,P,7,29.5,1,58981,72748,0,-0.104510
2026-01-09,28700,202601F3,P,3,31.5,2,58981,72748,0,-0.104510
2026-01-09,28750,202601F3,P,43,35.0,41,58981,72748,-4,-0.104510
2026-01-09,28800,202601F3,P,35,36.5,40,58981,72748,-3,-0.104510
2026-01-09,28850,202601F3,P,2,40.0,0,58981,72748,0,-0.104510
2026-01-09,28900,202601F3,P,76,42.5,56,58981,72748,-7,-0.104510
2026-01-09,28950,202601F3,P,15,46.0,3,58981,72748,-1,-0.104510
2026-01-09,29000,202601F3,P,51,50.0,71,58981,72748,-5,-0.104510
2026-01-09,29050,202601F3,P,13,51.0,12,58981,72748,-1,-0.104510
2026-01-09,29100,202601F3,P,29,60.0,37,58981,72748,-3,-0.104510
2026-01-09,29150,202601F3,C,2,1330.0,1,58981,72748,0,-0.104510
2026-01-09,29150,202601F3,P,1,63.0,0,58981,72748,0,-0.104510
2026-01-09,29200,202601F3,P,14,66.0,5,58981,72748,-1,-0.104510
2026-01-09,29250,202601F3,P,23,72.0,11,58981,72748,-2,-0.104510
2026-01-09,29300,202601F3,C,2,1190.0,0,58981,72748,0,-0.104510
2026-01-09,29300,202601F3,P,28,76.0,28,58981,72748,-2,-0.104510
2026-01-09,29350,202601F3,P,20,82.0,5,58981,72748,-2,-0.104510
2026-01-09,29400,202601F3,P,65,88.0,68,58981,72748,-6,-0.104510
2026-01-09,29450,202601F3,P,11,94.0,2,58981,72748,-1,-0.104510
2026-01-09,29500,202601F3,C,1,1020.0,0,58981,72748,0,-0.104510
2026-01-09,29500,202601F3,P,148,107.0,80,58981,72748,-15,-0.104510
2026-01-09,29550,202601F3,C,1,975.0,2,58981,72748,0,-0.104510
2026-01-09,29550,202601F3,P,7,111.0,2,58981,72748,0,-0.104510
2026-01-09,29600,202601F3,C,5,935.0,0,58981,72748,0,-0.104510
2026-01-09,29600,202601F3,P,17,120.0,17,58981,72748,-1,-0.104510
2026-01-09,29650,202601F3,C,4,890.0,0,58981,72748,0,-0.104510
2026-01-09,29650,202601F3,P,3,128.0,1,58981,72748,0,-0.104510
2026-01-09,29700,202601F3,P,11,134.0,18,58981,72748,-1,-0.104510
2026-01-09,29750,202601F3,C,7,810.0,0,58981,72748,0,-0.104510
2026-01-09,29750,202601F3,P,20,144.0,1,58981,72748,-2,-0.104510
2026-01-09,29800,202601F3,C,2,770.0,1,58981,72748,0,-0.104510
2026-01-09,29800,202601F3,P,6,159.0,16,58981,72748,0,-0.104510
2026-01-09,29850,202601F3,C,18,735.0,18,58981,72748,-1,-0.104510
2026-01-09,29850,202601F3,P,2,165.0,32,58981,72748,0,-0.104510
2026-01-09,29900,202601F3,C,30,695.0,13,58981,72748,-3,-0.104510
2026-01-09,29900,202601F3,P,21,185.0,16,58981,72748,-2,-0.104510
2026-01-09,29950,202601F3,P,4,194.0,28,58981,72748,0,-0.104510
2026-01-09,30000,202601F3,C,10,625.0,0,58981,72748,-1,-0.104510
2026-01-09,30000,202601F3,P,30,210.0,37,58981,72748,-3,-0.104510
2026-01-09,30050,202601F3,P,8,224.0,30,58981,72748,0,-0.104510
2026-01-09,30100,202601F3,C,19,550.0,16,58981,72748,-1,-0.104510
2026-01-09,30100,202601F3,P,62,238.0,92,58981,72748,-6,-0.104510
2026-01-09,30150,202601F3,C,1,520.0,1,58981,72748,0,-0.104510
2026-01-09,30200,202601F3,C,9,486.0,4,58981,72748,0,-0.104510
2026-01-09,30200,202601F3,P,45,272.0,72,58981,72748,-4,-0.104510
2026-01-09,30250,202601F3,C,2,455.0,5,58981,72748,0,-0.104510
2026-01-09,30250,202601F3,P,22,291.0,33,58981,72748,-2,-0.104510
2026-01-09,30300,202601F3,C,56,424.0,103,58981,72748,-5,-0.104510
2026-01-09,30300,202601F3,P,31,310.0,34,58981,72748,-3,-0.104510
2026-01-09,30350,202601F3,C,7,400.0,87,58981,72748,0,-0.104510
2026-01-09,30350,202601F3,P,8,332.0,50,58981,72748,0,-0.104510
2026-01-09,30400,202601F3,C,9,368.0,63,58981,72748,0,-0.104510
2026-01-09,30400,202601F3,P,44,354.0,26,58981,72748,-4,-0.104510
2026-01-09,30450,202601F3,C,26,339.0,102,58981,72748,-2,-0.104510
2026-01-09,30450,202601F3,P,37,375.0,79,58981,72748,-3,-0.104510
2026-01-09,30500,202601F3,C,25,315.0,234,58981,72748,-2,-0.104510
2026-01-09,30500,202601F3,P,34,400.0,31,58981,72748,-3,-0.104510
2026-01-09,30550,202601F3,C,20,290.0,25,58981,72748,-2,-0.104510
2026-01-09,30550,202601F3,P,20,426.0,40,58981,72748,-2,-0.104510
2026-01-09,30600,202601F3,C,57,267.0,51,58981,72748,-5,-0.104510
2026-01-09,30600,202601F3,P,27,453.0,45,58981,72748,-2,-0.104510
2026-01-09,30650,202601F3,C,22,246.0,46,58981,72748,-2,-0.104510
2026-01-09,30650,202601F3,P,20,482.0,40,58981,72748,-2,-0.104510
2026-01-09,30700,202601F3,C,51,220.0,116,58981,72748,-5,-0.104510
2026-01-09,30700,202601F3,P,21,510.0,21,58981,72748,-2,-0.104510
2026-01-09,30750,202601F3,C,21,206.0,81,58981,72748,-2,-0.104510
2026-01-09,30750,202601F3,P,40,540.0,40,58981,72748,-4,-0.104510
2026-01-09,30800,202601F3,C,82,188.0,199,58981,72748,-8,-0.104510
2026-01-09,30800,202601F3,P,1,575.0,1,58981,72748,0,-0.104510
2026-01-09,30850,202601F3,C,21,172.0,53,58981,72748,-2,-0.104510
2026-01-09,30900,202601F3,C,48,155.0,22,58981,72748,-5,-0.104510
2026-01-09,30900,202601F3,P,1,640.0,0,58981,72748,0,-0.104510
2026-01-09,31000,202601F3,C,81,126.0,65,58981,72748,-8,-0.104510
2026-01-09,31100,202601F3,C,39,106.0,60,58981,72748,-4,-0.104510
2026-01-09,31150,202601F3,C,1,90.0,0,58981,72748,0,-0.104510
2026-01-09,31200,202601F3,C,125,77.0,147,58981,72748,-13,-0.104510
2026-01-09,31250,202601F3,C,22,71.0,23,58981,72748,-2,-0.104510
2026-01-09,31300,202601F3,C,15,63.0,19,58981,72748,-1,-0.104510
2026-01-09,31350,202601F3,C,8,60.0,9,58981,72748,0,-0.104510
2026-01-09,31400,202601F3,C,48,48.5,43,58981,72748,-5,-0.104510
2026-01-09,31450,202601F3,C,2,42.5,1,58981,72748,0,-0.104510
2026-01-09,31500,202601F3,C,30,39.0,114,58981,72748,-3,-0.104510
2026-01-09,31600,202601F3,C,53,30.5,99,58981,72748,-5,-0.104510
2026-01-09,31700,202601F3,C,10,22.0,15,58981,72748,-1,-0.104510
2026-01-09,31800,202601F3,C,76,16.5,26,58981,72748,-7,-0.104510
2026-01-09,31900,202601F3,C,15,10.0,10,58981,72748,-1,-0.104510
2026-01-09,32000,202601F3,C,211,9.8,209,58981,72748,-22,-0.104510
2026-01-09,32100,202601F3,C,213,6.9,224,58981,72748,-22,-0.104510
2026-01-09,32200,202601F3,C,296,5.4,282,58981,72748,-30,-0.104510
2026-01-09,32300,202601F3,C,338,4.1,300,58981,72748,-35,-0.104510
2026-01-09,32400,202601F3,C,100,3.3,100,58981,72748,-10,-0.104510
2026-01-09,32500,202601F3,C,1,2.7,11,58981,72748,0,-0.104510
2026-01-09,32600,202601F3,C,1,2.3,1,58981,72748,0,-0.104510
2026-01-09,32800,202601F3,C,1,2.0,2,58981,72748,0,-0.104510
2026-01-09,33000,202601F3,C,5,1.9,2,58981,72748,0,-0.104510
2026-01-09,33700,202601F3,C,1,0.6,1,58981,72748,0,-0.104510
2026-01-09,22400,202601,C,1,8050.0,0,58981,72748,0,-0.104510
2026-01-09,22400,202601,P,1448,0.7,58,58981,72748,-151,-0.104510
2026-01-09,22500,202601,P,144,0.8,1,58981,72748,-15,-0.104510
2026-01-09,22600,202601,P,65,0.9,1,58981,72748,-6,-0.104510
2026-01-09,22700,202601,C,2,7750.0,0,58981,72748,0,-0.104510
2026-01-09,22700,202601,P,114,1.1,5,58981,72748,-11,-0.104510
2026-01-09,22800,202601,P,99,1.3,0,58981,72748,-10,-0.104510
2026-01-09,22900,202601,C,2,7550.0,0,58981,72748,0,-0.104510
2026-01-09,22900,202601,P,416,1.5,1,58981,72748,-43,-0.104510
2026-01-09,23000,202601,P,637,1.7,8,58981,72748,-66,-0.104510
2026-01-09,23100,202601,C,1,7350.0,0,58981,72748,0,-0.104510
2026-01-09,23100,202601,P,485,2.0,0,58981,72748,-50,-0.104510
2026-01-09,23200,202601,P,451,2.0,2,58981,72748,-47,-0.104510
2026-01-09,23300,202601,P,53,2.1,1,58981,72748,-5,-0.104510
2026-01-09,23400,202601,P,15,2.2,0,58981,72748,-1,-0.104510
2026-01-09,23500,202601,P,437,2.3,4,58981,72748,-45,-0.104510
2026-01-09,23600,202601,P,183,2.5,1,58981,72748,-19,-0.104510
2026-01-09,23700,202601,P,21,2.5,0,58981,72748,-2,-0.104510
2026-01-09,23800,202601,C,1,6650.0,0,58981,72748,0,-0.104510
2026-01-09,23800,202601,P,262,2.8,2,58981,72748,-27,-0.104510
2026-01-09,23900,202601,P,576,2.8,0,58981,72748,-60,-0.104510
2026-01-09,24000,202601,P,939,2.9,25,58981,72748,-98,-0.104510
2026-01-09,24100,202601,P,304,3.1,0,58981,72748,-31,-0.104510
2026-01-09,24200,202601,P,257,3.2,0,58981,72748,-26,-0.104510
2026-01-09,24300,202601,P,501,3.4,6,58981,72748,-52,-0.104510
2026-01-09,24400,202601,C,1,6050.0,0,58981,72748,0,-0.104510
2026-01-09,24400,202601,P,497,3.7,9,58981,72748,-51,-0.104510
2026-01-09,24500,202601,P,610,3.9,4,58981,72748,-63,-0.104510
2026-01-09,24600,202601,P,90,4.1,7,58981,72748,-9,-0.104510
2026-01-09,24700,202601,P,44,4.3,0,58981,72748,-4,-0.104510
2026-01-09,24800,202601,P,81,4.4,16,58981,72748,-8,-0.104510
2026-01-09,24900,202601,P,111,4.5,0,58981,72748,-11,-0.104510
2026-01-09,25000,202601,P,1005,4.5,62,58981,72748,-105,-0.104510
2026-01-09,25100,202601,P,96,4.7,0,58981,72748,-10,-0.104510
2026-01-09,25200,202601,P,631,4.7,11,58981,72748,-65,-0.104510
2026-01-09,25300,202601,P,384,5.2,45,58981,72748,-40,-0.104510
2026-01-09,25400,202601,P,425,5.3,49,58981,72748,-44,-0.104510
2026-01-09,25500,202601,C,1,4960.0,0,58981,72748,0,-0.104510
2026-01-09,25500,202601,P,405,5.6,11,58981,72748,-42,-0.104510
2026-01-09,25600,202601,P,367,5.7,6,58981,72748,-38,-0.104510
2026-01-09,25700,202601,P,485,5.8,7,58981,72748,-50,-0.104510
2026-01-09,25800,202601,C,1,4660.0,0,58981,72748,0,-0.104510
2026-01-09,25800,202601,P,308,6.2,10,58981,72748,-32,-0.104510
2026-01-09,25900,202601,P,472,6.5,12,58981,72748,-49,-0.104510
2026-01-09,26000,202601,C,1,4460.0,0,58981,72748,0,-0.104510
2026-01-09,26000,202601,P,1334,7.1,197,58981,72748,-139,-0.104510
2026-01-09,26100,202601,P,366,7.4,36,58981,72748,-38,-0.104510
2026-01-09,26200,202601,C,2,4260.0,0,58981,72748,0,-0.104510
2026-01-09,26200,202601,P,507,7.6,2,58981,72748,-52,-0.104510
2026-01-09,26300,202601,C,2,4160.0,0,58981,72748,0,-0.104510
2026-01-09,26300,202601,P,1220,7.6,32,58981,72748,-127,-0.104510
2026-01-09,26400,202601,C,24,4060.0,0,58981,72748,-2,-0.104510
2026-01-09,26400,202601,P,1455,8.4,4,58981,72748,-152,-0.104510
2026-01-09,26500,202601,C,19,3960.0,0,58981,72748,-1,-0.104510
2026-01-09,26500,202601,P,892,9.1,265,58981,72748,-93,-0.104510
2026-01-09,26600,202601,C,17,3860.0,0,58981,72748,-1,-0.104510
2026-01-09,26600,202601,P,1173,10.0,93,58981,72748,-122,-0.104510
2026-01-09,26700,202601,C,12,3760.0,0,58981,72748,-1,-0.104510
2026-01-09,26700,202601,P,966,10.0,90,58981,72748,-100,-0.104510
2026-01-09,26800,202601,C,23,3660.0,1,58981,72748,-2,-0.104510
2026-01-09,26800,202601,P,1330,10.5,108,58981,72748,-138,-0.104510
2026-01-09,26900,202601,C,33,3560.0,0,58981,72748,-3,-0.104510
2026-01-09,26900,202601,P,599,11.5,18,58981,72748,-62,-0.104510
2026-01-09,27000,202601,C,24,3460.0,1,58981,72748,-2,-0.104510
2026-01-09,27000,202601,P,2140,12.0,370,58981,72748,-223,-0.104510
2026-01-09,27100,202601,C,42,3360.0,0,58981,72748,-4,-0.104510
2026-01-09,27100,202601,P,588,12.5,42,58981,72748,-61,-0.104510
2026-01-09,27200,202601,C,63,3270.0,0,58981,72748,-6,-0.104510
2026-01-09,27200,202601,P,1053,14.5,72,58981,72748,-110,-0.104510
2026-01-09,27300,202601,C,78,3170.0,0,58981,72748,-8,-0.104510
2026-01-09,27300,202601,P,531,14.5,40,58981,72748,-55,-0.104510
2026-01-09,27400,202601,C,166,3070.0,0,58981,72748,-17,-0.104510
2026-01-09,27400,202601,P,626,16.0,178,58981,72748,-65,-0.104510
2026-01-09,27500,202601,C,388,2970.0,0,58981,72748,-40,-0.104510
2026-01-09,27500,202601,P,1543,17.0,303,58981,72748,-161,-0.104510
2026-01-09,27600,202601,C,404,2870.0,5,58981,72748,-42,-0.104510
2026-01-09,27600,202601,P,1209,19.5,226,58981,72748,-126,-0.104510
2026-01-09,27700,202601,C,292,2770.0,2,58981,72748,-30,-0.104510
2026-01-09,27700,202601,P,556,20.5,274,58981,72748,-58,-0.104510
2026-01-09,27800,202601,C,328,2670.0,0,58981,72748,-34,-0.104510
2026-01-09,27800,202601,P,580,23.0,147,58981,72748,-60,-0.104510
2026-01-09,27900,202601,C,403,2580.0,5,58981,72748,-42,-0.104510
2026-01-09,27900,202601,P,467,25.0,151,58981,72748,-48,-0.104510
2026-01-09,28000,202601,C,863,2480.0,9,58981,72748,-90,-0.104510
2026-01-09,28000,202601,P,1704,26.5,615,58981,72748,-178,-0.104510
2026-01-09,28100,202601,C,814,2380.0,1,58981,72748,-85,-0.104510
2026-01-09,28100,202601,P,663,29.0,185,58981,72748,-69,-0.104510
2026-01-09,28200,202601,C,838,2290.0,10,58981,72748,-87,-0.104510
2026-01-09,28200,202601,P,714,34.0,114,58981,72748,-74,-0.104510
2026-01-09,28300,202601,C,427,2190.0,10,58981,72748,-44,-0.104510
2026-01-09,28300,202601,P,689,36.0,249,58981,72748,-72,-0.104510
2026-01-09,28400,202601,C,447,2090.0,3,58981,72748,-46,-0.104510
2026-01-09,28400,202601,P,991,42.0,284,58981,72748,-103,-0.104510
2026-01-09,28500,202601,C,423,2000.0,36,58981,72748,-44,-0.104510
2026-01-09,28500,202601,P,2868,47.0,919,58981,72748,-299,-0.104510
2026-01-09,28600,202601,C,512,1910.0,58,58981,72748,-53,-0.104510
2026-01-09,28600,202601,P,827,50.0,213,58981,72748,-86,-0.104510
2026-01-09,28700,202601,C,444,1810.0,74,58981,72748,-46,-0.104510
2026-01-09,28700,202601,P,352,56.0,287,58981,72748,-36,-0.104510
2026-01-09,28800,202601,C,489,1720.0,85,58981,72748,-51,-0.104510
2026-01-09,28800,202601,P,518,63.0,387,58981,72748,-54,-0.104510
2026-01-09,28900,202601,C,488,1630.0,57,58981,72748,-51,-0.104510
2026-01-09,28900,202601,P,439,72.0,397,58981,72748,-45,-0.104510
2026-01-09,29000,202601,C,1134,1540.0,178,58981,72748,-118,-0.104510
2026-01-09,29000,202601,P,1630,84.0,978,58981,72748,-170,-0.104510
2026-01-09,29100,202601,C,1027,1450.0,5,58981,72748,-107,-0.104510
2026-01-09,29100,202601,P,960,94.0,233,58981,72748,-100,-0.104510
2026-01-09,29200,202601,C,548,1360.0,32,58981,72748,-57,-0.104510
2026-01-09,29200,202601,P,478,106.0,274,58981,72748,-49,-0.104510
2026-01-09,29300,202601,C,799,1270.0,44,58981,72748,-83,-0.104510
2026-01-09,29300,202601,P,497,120.0,326,58981,72748,-51,-0.104510
2026-01-09,29400,202601,C,629,1190.0,29,58981,72748,-65,-0.104510
2026-01-09,29400,202601,P,445,141.0,262,58981,72748,-46,-0.104510
2026-01-09,29450,202601,P,22,145.0,63,58981,72748,-2,-0.104510
2026-01-09,29500,202601,C,1098,1110.0,78,58981,72748,-114,-0.104510
2026-01-09,29500,202601,P,895,150.0,710,58981,72748,-93,-0.104510
2026-01-09,29550,202601,P,57,163.0,36,58981,72748,-5,-0.104510
2026-01-09,29600,202601,C,862,1030.0,20,58981,72748,-90,-0.104510
2026-01-09,29600,202601,P,442,173.0,289,58981,72748,-46,-0.104510
2026-01-09,29650,202601,P,10,185.0,13,58981,72748,-1,-0.104510
2026-01-09,29700,202601,C,544,945.0,48,58981,72748,-56,-0.104510
2026-01-09,29700,202601,P,513,194.0,316,58981,72748,-53,-0.104510
2026-01-09,29750,202601,P,36,206.0,19,58981,72748,-3,-0.104510
2026-01-09,29800,202601,C,1157,870.0,100,58981,72748,-120,-0.104510
2026-01-09,29800,202601,P,761,214.0,472,58981,72748,-79,-0.104510
2026-01-09,29850,202601,P,106,230.0,128,58981,72748,-11,-0.104510
2026-01-09,29900,202601,C,542,795.0,114,58981,72748,-56,-0.104510
2026-01-09,29900,202601,P,322,244.0,211,58981,72748,-33,-0.104510
2026-01-09,29950,202601,C,4,760.0,4,58981,72748,0,-0.104510
2026-01-09,29950,202601,P,19,259.0,81,58981,72748,-1,-0.104510
2026-01-09,30000,202601,C,1789,730.0,298,58981,72748,-186,-0.104510
2026-01-09,30000,202601,P,1493,274.0,1176,58981,72748,-156,-0.104510
2026-01-09,30050,202601,C,3,690.0,7,58981,72748,0,-0.104510
2026-01-09,30050,202601,P,22,289.0,13,58981,72748,-2,-0.104510
2026-01-09,30100,202601,C,269,660.0,146,58981,72748,-28,-0.104510
2026-01-09,30100,202601,P,305,305.0,121,58981,72748,-31,-0.104510
2026-01-09,30150,202601,C,1,625.0,4,58981,72748,0,-0.104510
2026-01-09,30150,202601,P,30,323.0,237,58981,72748,-3,-0.104510
2026-01-09,30200,202601,C,323,595.0,107,58981,72748,-33,-0.104510
2026-01-09,30200,202601,P,234,344.0,168,58981,72748,-24,-0.104510
2026-01-09,30250,202601,C,10,565.0,16,58981,72748,-1,-0.104510
2026-01-09,30250,202601,P,105,360.0,96,58981,72748,-10,-0.104510
2026-01-09,30300,202601,C,445,535.0,360,58981,72748,-46,-0.104510
2026-01-09,30300,202601,P,212,380.0,381,58981,72748,-22,-0.104510
2026-01-09,30350,202601,C,24,505.0,65,58981,72748,-2,-0.104510
2026-01-09,30350,202601,P,20,400.0,38,58981,72748,-2,-0.104510
2026-01-09,30400,202601,C,506,477.0,509,58981,72748,-52,-0.104510
2026-01-09,30400,202601,P,187,425.0,263,58981,72748,-19,-0.104510
2026-01-09,30450,202601,C,23,448.0,166,58981,72748,-2,-0.104510
2026-01-09,30450,202601,P,25,445.0,77,58981,72748,-2,-0.104510
2026-01-09,30500,202601,C,675,420.0,677,58981,72748,-70,-0.104510
2026-01-09,30500,202601,P,306,467.0,612,58981,72748,-31,-0.104510
2026-01-09,30550,202601,C,22,398.0,111,58981,72748,-2,-0.104510
2026-01-09,30550,202601,P,15,490.0,7,58981,72748,-1,-0.104510
2026-01-09,30600,202601,C,621,367.0,857,58981,72748,-64,-0.104510
2026-01-09,30600,202601,P,150,515.0,212,58981,72748,-15,-0.104510
2026-01-09,30650,202601,C,20,346.0,114,58981,72748,-2,-0.104510
2026-01-09,30650,202601,P,6,550.0,4,58981,72748,0,-0.104510
2026-01-09,30700,202601,C,402,323.0,485,58981,72748,-42,-0.104510
2026-01-09,30700,202601,P,131,575.0,453,58981,72748,-13,-0.104510
2026-01-09,30750,202601,C,42,302.0,71,58981,72748,-4,-0.104510
2026-01-09,30750,202601,P,3,600.0,1,58981,72748,0,-0.104510
2026-01-09,30800,202601,C,497,276.0,586,58981,72748,-51,-0.104510
2026-01-09,30800,202601,P,46,630.0,27,58981,72748,-4,-0.104510
2026-01-09,30850,202601,C,13,261.0,44,58981,72748,-1,-0.104510
2026-01-09,30900,202601,C,373,241.0,294,58981,72748,-38,-0.104510
2026-01-09,30900,202601,P,82,690.0,56,58981,72748,-8,-0.104510
2026-01-09,30950,202601,C,20,225.0,72,58981,72748,-2,-0.104510
2026-01-09,31000,202601,C,1733,208.0,965,58981,72748,-181,-0.104510
2026-01-09,31000,202601,P,53,755.0,187,58981,72748,-5,-0.104510
2026-01-09,31050,202601,C,35,195.0,44,58981,72748,-3,-0.104510
2026-01-09,31050,202601,P,1,790.0,0,58981,72748,0,-0.104510
2026-01-09,31100,202601,C,326,174.0,399,58981,72748,-34,-0.104510
2026-01-09,31100,202601,P,20,825.0,12,58981,72748,-2,-0.104510
2026-01-09,31150,202601,C,32,163.0,87,58981,72748,-3,-0.104510
2026-01-09,31200,202601,C,846,148.0,582,58981,72748,-88,-0.104510
2026-01-09,31200,202601,P,10,895.0,17,58981,72748,-1,-0.104510
2026-01-09,31250,202601,C,62,137.0,41,58981,72748,-6,-0.104510
2026-01-09,31300,202601,C,677,124.0,499,58981,72748,-70,-0.104510
2026-01-09,31300,202601,P,19,970.0,40,58981,72748,-1,-0.104510
2026-01-09,31350,202601,C,46,115.0,92,58981,72748,-4,-0.104510
2026-01-09,31350,202601,P,2,1010.0,0,58981,72748,0,-0.104510
2026-01-09,31400,202601,C,765,105.0,390,58981,72748,-79,-0.104510
2026-01-09,31400,202601,P,8,1050.0,54,58981,72748,0,-0.104510
2026-01-09,31450,202601,C,88,95.0,116,58981,72748,-9,-0.104510
2026-01-09,31500,202601,C,959,87.0,733,58981,72748,-100,-0.104510
2026-01-09,31500,202601,P,19,1130.0,27,58981,72748,-1,-0.104510
2026-01-09,31600,202601,C,880,72.0,266,58981,72748,-91,-0.104510
2026-01-09,31600,202601,P,5,1220.0,3,58981,72748,0,-0.104510
2026-01-09,31700,202601,C,321,61.0,483,58981,72748,-33,-0.104510
2026-01-09,31700,202601,P,1,1310.0,0,58981,72748,0,-0.104510
2026-01-09,31800,202601,C,413,48.5,459,58981,72748,-43,-0.104510
2026-01-09,31800,202601,P,2,1390.0,1,58981,72748,0,-0.104510
2026-01-09,31900,202601,C,370,39.0,305,58981,72748,-38,-0.104510
2026-01-09,32000,202601,C,1508,34.0,696,58981,72748,-157,-0.104510
2026-01-09,32000,202601,P,1,1580.0,0,58981,72748,0,-0.104510
2026-01-09,32100,202601,C,190,27.5,111,58981,72748,-19,-0.104510
2026-01-09,32200,202601,C,254,20.0,129,58981,72748,-26,-0.104510
2026-01-09,32200,202601,P,1,1770.0,4,58981,72748,0,-0.104510
2026-01-09,32300,202601,C,193,16.5,126,58981,72748,-20,-0.104510
2026-01-09,32400,202601,C,174,13.0,85,58981,72748,-18,-0.104510
2026-01-09,32500,202601,C,224,11.0,148,58981,72748,-23,-0.104510
2026-01-09,32600,202601,C,120,9.5,33,58981,72748,-12,-0.104510
2026-01-09,32700,202601,C,160,7.5,23,58981,72748,-16,-0.104510
2026-01-09,32800,202601,C,700,6.4,22,58981,72748,-73,-0.104510
2026-01-09,32900,202601,C,184,4.9,5,58981,72748,-19,-0.104510
2026-01-09,33000,202601,C,97,4.5,162,58981,72748,-10,-0.104510
2026-01-09,33100,202601,C,31,3.7,2,58981,72748,-3,-0.104510
2026-01-09,33200,202601,C,64,3.5,0,58981,72748,-6,-0.104510
2026-01-09,33300,202601,C,19,3.1,21,58981,72748,-1,-0.104510
2026-01-09,33400,202601,C,236,2.5,118,58981,72748,-24,-0.104510
2026-01-09,33500,202601,C,59,2.5,0,58981,72748,-6,-0.104510
2026-01-09,33600,202601,C,16,2.4,6,58981,72748,-1,-0.104510
2026-01-09,33700,202601,C,35,2.4,1,58981,72748,-3,-0.104510
2026-01-09,33800,202601,C,11,2.4,4,58981,72748,-1,-0.104510
2026-01-09,33900,202601,C,34,2.1,0,58981,72748,-3,-0.104510
2026-01-09,34000,202601,C,46,1.9,0,58981,72748,-4,-0.104510
2026-01-09,34400,202601,C,1,1.6,0,58981,72748,0,-0.104510
2026-01-09,34500,202601,C,1,1.6,0,58981,72748,0,-0.104510
2026-01-09,34600,202601,C,1,1.6,0,58981,72748,0,-0.104510
2026-01-09,34700,202601,C,23,1.6,0,58981,72748,-2,-0.104510
2026-01-09,34800,202601,C,2,1.6,0,58981,72748,0,-0.104510
2026-01-09,34900,202601,C,11,1.6,0,58981,72748,-1,-0.104510
2026-01-09,35000,202601,C,8,1.6,0,58981,72748,0,-0.104510
2026-01-09,35100,202601,C,3,1.6,1,58981,72748,0,-0.104510
2026-01-09,35200,202601,C,13,1.6,1,58981,72748,-1,-0.104510
2026-01-09,27300,202601F4,P,48,22.0,49,58981,72748,-5,-0.104510
2026-01-09,27400,202601F4,P,39,25.0,41,58981,72748,-4,-0.104510
2026-01-09,27500,202601F4,P,9,26.0,13,58981,72748,0,-0.104510
2026-01-09,27600,202601F4,P,8,27.5,28,58981,72748,0,-0.104510
2026-01-09,27700,202601F4,P,10,30.0,10,58981,72748,-1,-0.104510
2026-01-09,27800,202601F4,P,12,33.0,41,58981,72748,-1,-0.104510
2026-01-09,27900,202601F4,P,15,34.0,26,58981,72748,-1,-0.104510
2026-01-09,28000,202601F4,P,18,39.0,19,58981,72748,-1,-0.104510
2026-01-09,28100,202601F4,P,25,43.5,25,58981,72748,-2,-0.104510
2026-01-09,28200,202601F4,P,18,47.0,20,58981,72748,-1,-0.104510
2026-01-09,28300,202601F4,P,36,54.0,38,58981,72748,-3,-0.104510
2026-01-09,28400,202601F4,P,28,58.0,28,58981,72748,-2,-0.104510
2026-01-09,28500,202601F4,P,20,64.0,20,58981,72748,-2,-0.104510
2026-01-09,28600,202601F4,P,12,67.0,20,58981,72748,-1,-0.104510
2026-01-09,28700,202601F4,P,6,81.0,24,58981,72748,0,-0.104510
2026-01-09,28800,202601F4,P,8,87.0,8,58981,72748,0,-0.104510
2026-01-09,28900,202601F4,P,5,98.0,9,58981,72748,0,-0.104510
2026-01-09,29000,202601F4,P,10,109.0,16,58981,72748,-1,-0.104510
2026-01-09,29100,202601F4,P,2,121.0,2,58981,72748,0,-0.104510
2026-01-09,29200,202601F4,P,1,134.0,3,58981,72748,0,-0.104510
2026-01-09,29400,202601F4,P,1,166.0,1,58981,72748,0,-0.104510
2026-01-09,29500,202601F4,P,4,184.0,16,58981,72748,0,-0.104510
2026-01-09,29600,202601F4,P,1,208.0,1,58981,72748,0,-0.104510
2026-01-09,29650,202601F4,C,1,1030.0,1,58981,72748,0,-0.104510
2026-01-09,29700,202601F4,P,4,230.0,4,58981,72748,0,-0.104510
2026-01-09,29900,202601F4,P,7,278.0,9,58981,72748,0,-0.104510
2026-01-09,30000,202601F4,P,10,309.0,14,58981,72748,-1,-0.104510
2026-01-09,30100,202601F4,C,6,710.0,6,58981,72748,0,-0.104510
2026-01-09,30100,202601F4,P,15,343.0,15,58981,72748,-1,-0.104510
2026-01-09,30150,202601F4,C,20,675.0,20,58981,72748,-2,-0.104510
2026-01-09,30150,202601F4,P,15,361.0,15,58981,72748,-1,-0.104510
2026-01-09,30200,202601F4,C,8,645.0,8,58981,72748,0,-0.104510
2026-01-09,30200,202601F4,P,10,379.0,18,58981,72748,-1,-0.104510
2026-01-09,30250,202601F4,C,45,615.0,47,58981,72748,-4,-0.104510
2026-01-09,30250,202601F4,P,10,397.0,11,58981,72748,-1,-0.104510
2026-01-09,30300,202601F4,C,41,580.0,43,58981,72748,-4,-0.104510
2026-01-09,30300,202601F4,P,11,414.0,12,58981,72748,-1,-0.104510
2026-01-09,30350,202601F4,C,25,555.0,27,58981,72748,-2,-0.104510
2026-01-09,30350,202601F4,P,5,437.0,5,58981,72748,0,-0.104510
2026-01-09,30400,202601F4,C,25,525.0,29,58981,72748,-2,-0.104510
2026-01-09,30400,202601F4,P,16,460.0,17,58981,72748,-1,-0.104510
2026-01-09,30450,202601F4,C,12,498.0,13,58981,72748,-1,-0.104510
2026-01-09,30450,202601F4,P,12,482.0,13,58981,72748,-1,-0.104510
2026-01-09,30500,202601F4,P,2,500.0,2,58981,72748,0,-0.104510
2026-01-09,30550,202601F4,C,4,447.0,4,58981,72748,0,-0.104510
2026-01-09,30650,202601F4,C,12,398.0,12,58981,72748,-1,-0.104510
2026-01-09,30750,202601F4,C,20,352.0,21,58981,72748,-2,-0.104510
2026-01-09,30750,202601F4,P,20,630.0,20,58981,72748,-2,-0.104510
2026-01-09,30800,202601F4,C,1,331.0,1,58981,72748,0,-0.104510
2026-01-09,30900,202601F4,P,1,720.0,1,58981,72748,0,-0.104510
2026-01-09,31000,202601F4,C,5,250.0,5,58981,72748,0,-0.104510
2026-01-09,31100,202601F4,C,15,222.0,15,58981,72748,-1,-0.104510
2026-01-09,31150,202601F4,C,1,202.0,1,58981,72748,0,-0.104510
2026-01-09,31300,202601F4,C,4,166.0,6,58981,72748,0,-0.104510
2026-01-09,31400,202601F4,C,4,136.0,4,58981,72748,0,-0.104510
2026-01-09,31500,202601F4,C,2,116.0,2,58981,72748,0,-0.104510
2026-01-09,31600,202601F4,C,3,98.0,3,58981,72748,0,-0.104510
2026-01-09,31700,202601F4,C,1,85.0,3,58981,72748,0,-0.104510
2026-01-09,31800,202601F4,C,5,70.0,5,58981,72748,0,-0.104510
2026-01-09,31900,202601F4,C,3,61.0,4,58981,72748,0,-0.104510
2026-01-09,32000,202601F4,C,1,47.5,5,58981,72748,0,-0.104510
2026-01-09,32500,202601F4,C,2,20.0,2,58981,72748,0,-0.104510
2026-01-09,32800,202601F4,C,2,12.5,2,58981,72748,0,-0.104510
2026-01-09,33000,202601F4,C,1,7.2,1,58981,72748,0,-0.104510
2026-01-09,33100,202601F4,C,1,5.5,1,58981,72748,0,-0.104510
2026-01-09,33200,202601F4,C,1,5.2,1,58981,72748,0,-0.104510
2026-01-09,33400,202601F4,C,6,3.8,6,58981,72748,0,-0.104510
2026-01-09,22400,202602,P,1674,4.9,40,58981,72748,-174,-0.104510
2026-01-09,22500,202602,P,868,5.2,1,58981,72748,-90,-0.104510
2026-01-09,22600,202602,P,843,5.6,1,58981,72748,-88,-0.104510
2026-01-09,22700,202602,P,558,7.0,1,58981,72748,-58,-0.104510
2026-01-09,22800,202602,P,574,7.2,1,58981,72748,-59,-0.104510
2026-01-09,22900,202602,P,386,7.4,34,58981,72748,-40,-0.104510
2026-01-09,23000,202602,P,618,7.5,3,58981,72748,-64,-0.104510
2026-01-09,23100,202602,P,29,7.8,3,58981,72748,-3,-0.104510
2026-01-09,23200,202602,P,15,8.1,1,58981,72748,-1,-0.104510
2026-01-09,23300,202602,P,10,8.3,1,58981,72748,-1,-0.104510
2026-01-09,23400,202602,P,24,8.6,1,58981,72748,-2,-0.104510
2026-01-09,23500,202602,P,99,9.3,4,58981,72748,-10,-0.104510
2026-01-09,23600,202602,P,57,10.5,0,58981,72748,-5,-0.104510
2026-01-09,23700,202602,P,84,11.0,0,58981,72748,-8,-0.104510
2026-01-09,23800,202602,P,63,11.5,0,58981,72748,-6,-0.104510
2026-01-09,23900,202602,P,82,12.0,0,58981,72748,-8,-0.104510
2026-01-09,24000,202602,P,248,13.0,8,58981,72748,-25,-0.104510
2026-01-09,24100,202602,P,8,13.5,0,58981,72748,0,-0.104510
2026-01-09,24200,202602,P,11,15.0,0,58981,72748,-1,-0.104510
2026-01-09,24300,202602,P,7,15.5,0,58981,72748,0,-0.104510
2026-01-09,24400,202602,P,135,16.0,6,58981,72748,-14,-0.104510
2026-01-09,24500,202602,P,255,16.5,80,58981,72748,-26,-0.104510
2026-01-09,24600,202602,P,127,17.5,33,58981,72748,-13,-0.104510
2026-01-09,24700,202602,P,62,19.0,40,58981,72748,-6,-0.104510
2026-01-09,24800,202602,P,315,21.0,63,58981,72748,-32,-0.104510
2026-01-09,24900,202602,P,226,23.5,41,58981,72748,-23,-0.104510
2026-01-09,25000,202602,P,453,23.5,186,58981,72748,-47,-0.104510
2026-01-09,25100,202602,P,265,25.5,66,58981,72748,-27,-0.104510
2026-01-09,25200,202602,P,290,27.5,73,58981,72748,-30,-0.104510
2026-01-09,25300,202602,P,210,30.0,96,58981,72748,-21,-0.104510
2026-01-09,25400,202602,P,179,30.5,73,58981,72748,-18,-0.104510
2026-01-09,25500,202602,P,160,31.5,41,58981,72748,-16,-0.104510
2026-01-09,25600,202602,P,104,34.5,74,58981,72748,-10,-0.104510
2026-01-09,25700,202602,P,45,41.5,33,58981,72748,-4,-0.104510
2026-01-09,25800,202602,P,84,45.5,37,58981,72748,-8,-0.104510
2026-01-09,25900,202602,P,132,48.0,41,58981,72748,-13,-0.104510
2026-01-09,26000,202602,P,424,52.0,74,58981,72748,-44,-0.104510
2026-01-09,26100,202602,P,57,56.0,3,58981,72748,-5,-0.104510
2026-01-09,26200,202602,P,14,58.0,2,58981,72748,-1,-0.104510
2026-01-09,26300,202602,C,1,4320.0,0,58981,72748,0,-0.104510
2026-01-09,26300,202602,P,67,62.0,0,58981,72748,-7,-0.104510
2026-01-09,26400,202602,P,50,68.0,19,58981,72748,-5,-0.104510
2026-01-09,26500,202602,C,1,4130.0,0,58981,72748,0,-0.104510
2026-01-09,26500,202602,P,170,71.0,20,58981,72748,-17,-0.104510
2026-01-09,26600,202602,C,5,4030.0,0,58981,72748,0,-0.104510
2026-01-09,26600,202602,P,138,81.0,9,58981,72748,-14,-0.104510
2026-01-09,26700,202602,P,45,83.0,9,58981,72748,-4,-0.104510
2026-01-09,26800,202602,C,5,3840.0,0,58981,72748,0,-0.104510
2026-01-09,26800,202602,P,88,92.0,30,58981,72748,-9,-0.104510
2026-01-09,26900,202602,C,1,3750.0,0,58981,72748,0,-0.104510
2026-01-09,26900,202602,P,118,96.0,13,58981,72748,-12,-0.104510
2026-01-09,27000,202602,C,5,3660.0,0,58981,72748,0,-0.104510
2026-01-09,27000,202602,P,264,101.0,53,58981,72748,-27,-0.104510
2026-01-09,27100,202602,C,6,3570.0,0,58981,72748,0,-0.104510
2026-01-09,27100,202602,P,58,111.0,2,58981,72748,-6,-0.104510
2026-01-09,27200,202602,C,2,3480.0,0,58981,72748,0,-0.104510
2026-01-09,27200,202602,P,48,119.0,5,58981,72748,-5,-0.104510
2026-01-09,27300,202602,C,4,3380.0,0,58981,72748,0,-0.104510
2026-01-09,27300,202602,P,39,124.0,5,58981,72748,-4,-0.104510
2026-01-09,27400,202602,C,4,3290.0,0,58981,72748,0,-0.104510
2026-01-09,27400,202602,P,1695,136.0,15,58981,72748,-177,-0.104510
2026-01-09,27500,202602,C,7,3200.0,6,58981,72748,0,-0.104510
2026-01-09,27500,202602,P,163,142.0,26,58981,72748,-17,-0.104510
2026-01-09,27600,202602,C,2,3110.0,0,58981,72748,0,-0.104510
2026-01-09,27600,202602,P,79,150.0,1,58981,72748,-8,-0.104510
2026-01-09,27700,202602,C,18,3010.0,0,58981,72748,-1,-0.104510
2026-01-09,27700,202602,P,69,158.0,2,58981,72748,-7,-0.104510
2026-01-09,27800,202602,C,8,2930.0,0,58981,72748,0,-0.104510
2026-01-09,27800,202602,P,64,171.0,8,58981,72748,-6,-0.104510
2026-01-09,27900,202602,C,5,2840.0,0,58981,72748,0,-0.104510
2026-01-09,27900,202602,P,22,182.0,10,58981,72748,-2,-0.104510
2026-01-09,28000,202602,C,30,2750.0,0,58981,72748,-3,-0.104510
2026-01-09,28000,202602,P,242,193.0,154,58981,72748,-25,-0.104510
2026-01-09,28100,202602,C,30,2660.0,0,58981,72748,-3,-0.104510
2026-01-09,28100,202602,P,92,206.0,60,58981,72748,-9,-0.104510
2026-01-09,28200,202602,C,53,2580.0,0,58981,72748,-5,-0.104510
2026-01-09,28200,202602,P,37,219.0,1,58981,72748,-3,-0.104510
2026-01-09,28300,202602,C,72,2490.0,0,58981,72748,-7,-0.104510
2026-01-09,28300,202602,P,37,233.0,0,58981,72748,-3,-0.104510
2026-01-09,28400,202602,C,8,2410.0,0,58981,72748,0,-0.104510
2026-01-09,28400,202602,P,24,249.0,4,58981,72748,-2,-0.104510
2026-01-09,28500,202602,C,13,2320.0,2,58981,72748,-1,-0.104510
2026-01-09,28500,202602,P,79,263.0,19,58981,72748,-8,-0.104510
2026-01-09,28600,202602,C,10,2240.0,0,58981,72748,-1,-0.104510
2026-01-09,28600,202602,P,202,279.0,7,58981,72748,-21,-0.104510
2026-01-09,28700,202602,C,7,2150.0,0,58981,72748,0,-0.104510
2026-01-09,28700,202602,P,924,297.0,53,58981,72748,-96,-0.104510
2026-01-09,28800,202602,C,520,2070.0,0,58981,72748,-54,-0.104510
2026-01-09,28800,202602,P,1029,314.0,7,58981,72748,-107,-0.104510
2026-01-09,28900,202602,C,15,1990.0,0,58981,72748,-1,-0.104510
2026-01-09,28900,202602,P,127,334.0,1,58981,72748,-13,-0.104510
2026-01-09,29000,202602,C,100,1910.0,1,58981,72748,-10,-0.104510
2026-01-09,29000,202602,P,198,358.0,91,58981,72748,-20,-0.104510
2026-01-09,29100,202602,C,35,1840.0,0,58981,72748,-3,-0.104510
2026-01-09,29100,202602,P,20,377.0,3,58981,72748,-2,-0.104510
2026-01-09,29200,202602,C,25,1760.0,1,58981,72748,-2,-0.104510
2026-01-09,29200,202602,P,22,403.0,5,58981,72748,-2,-0.104510
2026-01-09,29300,202602,C,20,1680.0,1,58981,72748,-2,-0.104510
2026-01-09,29300,202602,P,25,423.0,10,58981,72748,-2,-0.104510
2026-01-09,29400,202602,C,35,1610.0,2,58981,72748,-3,-0.104510
2026-01-09,29400,202602,P,33,449.0,0,58981,72748,-3,-0.104510
2026-01-09,29500,202602,C,83,1530.0,0,58981,72748,-8,-0.104510
2026-01-09,29500,202602,P,69,479.0,10,58981,72748,-7,-0.104510
2026-01-09,29600,202602,C,69,1470.0,0,58981,72748,-7,-0.104510
2026-01-09,29600,202602,P,59,510.0,5,58981,72748,-6,-0.104510
2026-01-09,29700,202602,C,53,1400.0,1,58981,72748,-5,-0.104510
2026-01-09,29700,202602,P,12,535.0,9,58981,72748,-1,-0.104510
2026-01-09,29800,202602,C,69,1320.0,0,58981,72748,-7,-0.104510
2026-01-09,29800,202602,P,25,565.0,10,58981,72748,-2,-0.104510
2026-01-09,29900,202602,C,22,1260.0,12,58981,72748,-2,-0.104510
2026-01-09,29900,202602,P,14,600.0,3,58981,72748,-1,-0.104510
2026-01-09,30000,202602,C,169,1190.0,12,58981,72748,-17,-0.104510
2026-01-09,30000,202602,P,656,630.0,92,58981,72748,-68,-0.104510
2026-01-09,30100,202602,C,59,1130.0,4,58981,72748,-6,-0.104510
2026-01-09,30100,202602,P,5,670.0,0,58981,72748,0,-0.104510
2026-01-09,30200,202602,C,29,1070.0,21,58981,72748,-3,-0.104510
2026-01-09,30200,202602,P,29,710.0,12,58981,72748,-3,-0.104510
2026-01-09,30300,202602,C,15,1010.0,2,58981,72748,-1,-0.104510
2026-01-09,30300,202602,P,17,750.0,1,58981,72748,-1,-0.104510
2026-01-09,30400,202602,C,29,945.0,6,58981,72748,-3,-0.104510
2026-01-09,30400,202602,P,18,785.0,13,58981,72748,-1,-0.104510
2026-01-09,30500,202602,C,350,895.0,88,58981,72748,-36,-0.104510
2026-01-09,30500,202602,P,26,835.0,12,58981,72748,-2,-0.104510
2026-01-09,30600,202602,C,53,835.0,30,58981,72748,-5,-0.104510
2026-01-09,30600,202602,P,16,875.0,0,58981,72748,-1,-0.104510
2026-01-09,30700,202602,C,60,795.0,12,58981,72748,-6,-0.104510
2026-01-09,30700,202602,P,7,925.0,1,58981,72748,0,-0.104510
2026-01-09,30800,202602,C,117,740.0,172,58981,72748,-12,-0.104510
2026-01-09,30800,202602,P,10,980.0,7,58981,72748,-1,-0.104510
2026-01-09,30900,202602,C,64,690.0,4,58981,72748,-6,-0.104510
2026-01-09,30900,202602,P,1,1030.0,0,58981,72748,0,-0.104510
2026-01-09,31000,202602,C,121,645.0,21,58981,72748,-12,-0.104510
2026-01-09,31000,202602,P,71,1080.0,13,58981,72748,-7,-0.104510
2026-01-09,31100,202602,C,75,605.0,14,58981,72748,-7,-0.104510
2026-01-09,31100,202602,P,5,1140.0,0,58981,72748,0,-0.104510
2026-01-09,31200,202602,C,138,565.0,100,58981,72748,-14,-0.104510
2026-01-09,31200,202602,P,1,1200.0,0,58981,72748,0,-0.104510
2026-01-09,31300,202602,C,55,520.0,5,58981,72748,-5,-0.104510
2026-01-09,31300,202602,P,7,1260.0,2,58981,72748,0,-0.104510
2026-01-09,31400,202602,C,19,481.0,1,58981,72748,-1,-0.104510
2026-01-09,31500,202602,C,76,449.0,16,58981,72748,-7,-0.104510
2026-01-09,31500,202602,P,3,1390.0,3,58981,72748,0,-0.104510
2026-01-09,31600,202602,C,78,420.0,35,58981,72748,-8,-0.104510
2026-01-09,31700,202602,C,37,384.0,37,58981,72748,-3,-0.104510
2026-01-09,31700,202602,P,2,1520.0,1,58981,72748,0,-0.104510
2026-01-09,31800,202602,C,28,353.0,11,58981,72748,-2,-0.104510
2026-01-09,31900,202602,C,3,327.0,1,58981,72748,0,-0.104510
2026-01-09,31900,202602,P,1,1660.0,0,58981,72748,0,-0.104510
2026-01-09,32000,202602,C,80,302.0,56,58981,72748,-8,-0.104510
2026-01-09,32000,202602,P,3,1740.0,0,58981,72748,0,-0.104510
2026-01-09,32100,202602,C,50,277.0,22,58981,72748,-5,-0.104510
2026-01-09,32200,202602,C,31,255.0,13,58981,72748,-3,-0.104510
2026-01-09,32300,202602,C,92,234.0,5,58981,72748,-9,-0.104510
2026-01-09,32400,202602,C,38,215.0,10,58981,72748,-3,-0.104510
2026-01-09,32400,202602,P,1,2050.0,1,58981,72748,0,-0.104510
2026-01-09,32500,202602,C,62,197.0,10,58981,72748,-6,-0.104510
2026-01-09,32600,202602,C,114,182.0,1,58981,72748,-11,-0.104510
2026-01-09,32700,202602,C,234,167.0,3,58981,72748,-24,-0.104510
2026-01-09,32800,202602,C,17,152.0,40,58981,72748,-1,-0.104510
2026-01-09,32800,202602,P,1,2390.0,0,58981,72748,0,-0.104510
2026-01-09,32900,202602,C,31,141.0,16,58981,72748,-3,-0.104510
2026-01-09,33000,202602,C,386,126.0,356,58981,72748,-40,-0.104510
2026-01-09,33100,202602,C,12,114.0,20,58981,72748,-1,-0.104510
2026-01-09,33200,202602,C,30,104.0,6,58981,72748,-3,-0.104510
2026-01-09,33300,202602,C,21,95.0,23,58981,72748,-2,-0.104510
2026-01-09,33400,202602,C,24,84.0,0,58981,72748,-2,-0.104510
2026-01-09,33500,202602,C,10,78.0,3,58981,72748,-1,-0.104510
2026-01-09,33600,202602,C,3,72.0,9,58981,72748,0,-0.104510
2026-01-09,33700,202602,C,1,66.0,0,58981,72748,0,-0.104510
2026-01-09,33800,202602,C,46,57.0,19,58981,72748,-4,-0.104510
2026-01-09,33900,202602,C,6,53.0,2,58981,72748,0,-0.104510
2026-01-09,34000,202602,C,121,48.0,10,58981,72748,-12,-0.104510
2026-01-09,34100,202602,C,5,42.0,2,58981,72748,0,-0.104510
2026-01-09,34200,202602,C,18,41.0,16,58981,72748,-1,-0.104510
2026-01-09,34500,202602,C,6,28.0,1,58981,72748,0,-0.104510
2026-01-09,34600,202602,C,2,27.0,0,58981,72748,0,-0.104510
2026-01-09,34700,202602,C,5,23.0,2,58981,72748,0,-0.104510
2026-01-09,34800,202602,C,7,23.0,7,58981,72748,0,-0.104510
2026-01-09,35000,202602,C,38,18.0,23,58981,72748,-3,-0.104510
2026-01-09,35100,202602,C,4,15.0,1,58981,72748,0,-0.104510
2026-01-09,35200,202602,C,3,14.5,1,58981,72748,0,-0.104510
2026-01-09,17200,202603,C,22,13390.0,0,58981,72748,-2,-0.104510
2026-01-09,17200,202603,P,1401,7.0,18,58981,72748,-146,-0.104510
2026-01-09,17400,202603,C,1,13190.0,0,58981,72748,0,-0.104510
2026-01-09,17400,202603,P,189,8.0,0,58981,72748,-19,-0.104510
2026-01-09,17600,202603,P,18,8.4,0,58981,72748,-1,-0.104510
2026-01-09,17800,202603,C,3,12790.0,0,58981,72748,0,-0.104510
2026-01-09,17800,202603,P,23,8.8,0,58981,72748,-2,-0.104510
2026-01-09,18000,202603,C,1,12590.0,0,58981,72748,0,-0.104510
2026-01-09,18000,202603,P,261,9.2,17,58981,72748,-27,-0.104510
2026-01-09,18200,202603,P,5,9.6,0,58981,72748,0,-0.104510
2026-01-09,18400,202603,P,10,10.0,0,58981,72748,-1,-0.104510
2026-01-09,18600,202603,P,20,10.5,0,58981,72748,-2,-0.104510
2026-01-09,18800,202603,P,24,11.0,0,58981,72748,-2,-0.104510
2026-01-09,19000,202603,P,98,12.5,18,58981,72748,-10,-0.104510
2026-01-09,19200,202603,P,24,13.0,0,58981,72748,-2,-0.104510
2026-01-09,19400,202603,C,11,11200.0,0,58981,72748,-1,-0.104510
2026-01-09,19400,202603,P,22,13.5,0,58981,72748,-2,-0.104510
2026-01-09,19600,202603,C,679,11000.0,5,58981,72748,-70,-0.104510
2026-01-09,19600,202603,P,633,14.5,1,58981,72748,-66,-0.104510
2026-01-09,19800,202603,C,20,10800.0,0,58981,72748,-2,-0.104510
2026-01-09,19800,202603,P,26,16.5,1,58981,72748,-2,-0.104510
2026-01-09,20000,202603,P,373,18.5,15,58981,72748,-38,-0.104510
2026-01-09,20200,202603,P,8,19.0,0,58981,72748,0,-0.104510
2026-01-09,20400,202603,P,3,19.5,2,58981,72748,0,-0.104510
2026-01-09,20600,202603,P,17,20.0,1,58981,72748,-1,-0.104510
2026-01-09,20800,202603,P,6,20.0,1,58981,72748,0,-0.104510
2026-01-09,21000,202603,C,1,9610.0,0,58981,72748,0,-0.104510
2026-01-09,21000,202603,P,357,21.0,23,58981,72748,-37,-0.104510
2026-01-09,21200,202603,C,1,9420.0,0,58981,72748,0,-0.104510
2026-01-09,21200,202603,P,17,24.5,1,58981,72748,-1,-0.104510
2026-01-09,21400,202603,P,14,25.0,0,58981,72748,-1,-0.104510
2026-01-09,21600,202603,P,20,26.0,0,58981,72748,-2,-0.104510
2026-01-09,21800,202603,C,1,8820.0,0,58981,72748,0,-0.104510
2026-01-09,21800,202603,P,10,27.0,0,58981,72748,-1,-0.104510
2026-01-09,22000,202603,C,20,8620.0,0,58981,72748,-2,-0.104510
2026-01-09,22000,202603,P,95,30.0,30,58981,72748,-9,-0.104510
2026-01-09,22200,202603,C,2,8430.0,0,58981,72748,0,-0.104510
2026-01-09,22200,202603,P,52,32.0,0,58981,72748,-5,-0.104510
2026-01-09,22400,202603,P,15,35.0,1,58981,72748,-1,-0.104510
2026-01-09,22600,202603,C,2,8030.0,0,58981,72748,0,-0.104510
2026-01-09,22600,202603,P,18,35.5,0,58981,72748,-1,-0.104510
2026-01-09,22800,202603,P,86,36.5,1,58981,72748,-8,-0.104510
2026-01-09,23000,202603,C,2,7640.0,0,58981,72748,0,-0.104510
2026-01-09,23000,202603,P,133,43.0,11,58981,72748,-13,-0.104510
2026-01-09,23200,202603,C,7,7440.0,0,58981,72748,0,-0.104510
2026-01-09,23200,202603,P,23,43.5,1,58981,72748,-2,-0.104510
2026-01-09,23300,202603,P,4,45.0,0,58981,72748,0,-0.104510
2026-01-09,23400,202603,C,1,7240.0,0,58981,72748,0,-0.104510
2026-01-09,23400,202603,P,4,46.5,0,58981,72748,0,-0.104510
2026-01-09,23500,202603,P,1,48.0,0,58981,72748,0,-0.104510
2026-01-09,23600,202603,C,6,7050.0,0,58981,72748,0,-0.104510
2026-01-09,23600,202603,P,47,51.0,12,58981,72748,-4,-0.104510
2026-01-09,23700,202603,P,6,55.0,6,58981,72748,0,-0.104510
2026-01-09,23800,202603,C,5,6850.0,0,58981,72748,0,-0.104510
2026-01-09,23800,202603,P,26,56.0,0,58981,72748,-2,-0.104510
2026-01-09,23900,202603,P,20,57.0,0,58981,72748,-2,-0.104510
2026-01-09,24000,202603,C,4,6660.0,0,58981,72748,0,-0.104510
2026-01-09,24000,202603,P,50,58.0,11,58981,72748,-5,-0.104510
2026-01-09,24100,202603,P,1,59.0,0,58981,72748,0,-0.104510
2026-01-09,24200,202603,C,5,6460.0,0,58981,72748,0,-0.104510
2026-01-09,24200,202603,P,12,61.0,0,58981,72748,-1,-0.104510
2026-01-09,24300,202603,P,20,63.0,0,58981,72748,-2,-0.104510
2026-01-09,24400,202603,C,2,6270.0,0,58981,72748,0,-0.104510
2026-01-09,24400,202603,P,17,66.0,0,58981,72748,-1,-0.104510
2026-01-09,24500,202603,P,5,68.0,0,58981,72748,0,-0.104510
2026-01-09,24600,202603,C,14,6070.0,0,58981,72748,-1,-0.104510
2026-01-09,24600,202603,P,14,71.0,1,58981,72748,-1,-0.104510
2026-01-09,24700,202603,P,7,74.0,0,58981,72748,0,-0.104510
2026-01-09,24800,202603,C,2,5880.0,0,58981,72748,0,-0.104510
2026-01-09,24800,202603,P,30,80.0,5,58981,72748,-3,-0.104510
2026-01-09,24900,202603,P,1,80.0,0,58981,72748,0,-0.104510
2026-01-09,25000,202603,C,3,5690.0,0,58981,72748,0,-0.104510
2026-01-09,25000,202603,P,252,81.0,10,58981,72748,-26,-0.104510
2026-01-09,25100,202603,P,1,87.0,0,58981,72748,0,-0.104510
2026-01-09,25200,202603,C,5,5490.0,0,58981,72748,0,-0.104510
2026-01-09,25200,202603,P,14,91.0,1,58981,72748,-1,-0.104510
2026-01-09,25300,202603,P,4,95.0,0,58981,72748,0,-0.104510
2026-01-09,25400,202603,C,9,5300.0,0,58981,72748,0,-0.104510
2026-01-09,25400,202603,P,5,99.0,0,58981,72748,0,-0.104510
2026-01-09,25500,202603,P,6,105.0,6,58981,72748,0,-0.104510
2026-01-09,25600,202603,C,4,5120.0,0,58981,72748,0,-0.104510
2026-01-09,25600,202603,P,9,113.0,0,58981,72748,0,-0.104510
2026-01-09,25700,202603,P,3,114.0,0,58981,72748,0,-0.104510
2026-01-09,25800,202603,C,7,4920.0,0,58981,72748,0,-0.104510
2026-01-09,25800,202603,P,20,115.0,1,58981,72748,-2,-0.104510
2026-01-09,25900,202603,P,4,123.0,0,58981,72748,0,-0.104510
2026-01-09,26000,202603,C,13,4730.0,0,58981,72748,-1,-0.104510
2026-01-09,26000,202603,P,284,133.0,34,58981,72748,-29,-0.104510
2026-01-09,26100,202603,P,2,135.0,0,58981,72748,0,-0.104510
2026-01-09,26200,202603,C,31,4550.0,17,58981,72748,-3,-0.104510
2026-01-09,26200,202603,P,4,141.0,0,58981,72748,0,-0.104510
2026-01-09,26300,202603,P,3,148.0,0,58981,72748,0,-0.104510
2026-01-09,26400,202603,C,21,4360.0,0,58981,72748,-2,-0.104510
2026-01-09,26400,202603,P,12,155.0,0,58981,72748,-1,-0.104510
2026-01-09,26500,202603,P,131,161.0,0,58981,72748,-13,-0.104510
2026-01-09,26600,202603,C,37,4180.0,0,58981,72748,-3,-0.104510
2026-01-09,26600,202603,P,27,169.0,0,58981,72748,-2,-0.104510
2026-01-09,26700,202603,P,2,177.0,2,58981,72748,0,-0.104510
2026-01-09,26800,202603,C,22,3990.0,0,58981,72748,-2,-0.104510
2026-01-09,26800,202603,P,134,185.0,0,58981,72748,-14,-0.104510
2026-01-09,26900,202603,C,1,3910.0,0,58981,72748,0,-0.104510
2026-01-09,26900,202603,P,4,198.0,3,58981,72748,0,-0.104510
2026-01-09,27000,202603,C,81,3820.0,0,58981,72748,-8,-0.104510
2026-01-09,27000,202603,P,42,212.0,9,58981,72748,-4,-0.104510
2026-01-09,27100,202603,P,2,213.0,1,58981,72748,0,-0.104510
2026-01-09,27200,202603,C,31,3630.0,0,58981,72748,-3,-0.104510
2026-01-09,27200,202603,P,22,223.0,1,58981,72748,-2,-0.104510
2026-01-09,27300,202603,P,11,237.0,8,58981,72748,-1,-0.104510
2026-01-09,27400,202603,C,23,3460.0,0,58981,72748,-2,-0.104510
2026-01-09,27400,202603,P,11,248.0,0,58981,72748,-1,-0.104510
2026-01-09,27500,202603,P,67,254.0,4,58981,72748,-7,-0.104510
2026-01-09,27600,202603,C,2,3280.0,0,58981,72748,0,-0.104510
2026-01-09,27600,202603,P,18,270.0,0,58981,72748,-1,-0.104510
2026-01-09,27700,202603,P,6,283.0,0,58981,72748,0,-0.104510
2026-01-09,27800,202603,C,21,3110.0,0,58981,72748,-2,-0.104510
2026-01-09,27800,202603,P,24,296.0,0,58981,72748,-2,-0.104510
2026-01-09,27900,202603,C,1,3020.0,0,58981,72748,0,-0.104510
2026-01-09,27900,202603,P,1,311.0,0,58981,72748,0,-0.104510
2026-01-09,28000,202603,C,214,2940.0,24,58981,72748,-22,-0.104510
2026-01-09,28000,202603,P,240,328.0,222,58981,72748,-25,-0.104510
2026-01-09,28100,202603,P,2,341.0,2,58981,72748,0,-0.104510
2026-01-09,28200,202603,C,34,2770.0,0,58981,72748,-3,-0.104510
2026-01-09,28200,202603,P,66,356.0,6,58981,72748,-6,-0.104510
2026-01-09,28400,202603,C,36,2600.0,4,58981,72748,-3,-0.104510
2026-01-09,28400,202603,P,16,390.0,1,58981,72748,-1,-0.104510
2026-01-09,28500,202603,P,7,412.0,1,58981,72748,0,-0.104510
2026-01-09,28600,202603,C,111,2440.0,0,58981,72748,-11,-0.104510
2026-01-09,28600,202603,P,102,431.0,100,58981,72748,-10,-0.104510
2026-01-09,28700,202603,C,11,2360.0,0,58981,72748,-1,-0.104510
2026-01-09,28700,202603,P,5,452.0,0,58981,72748,0,-0.104510
2026-01-09,28800,202603,C,35,2280.0,0,58981,72748,-3,-0.104510
2026-01-09,28800,202603,P,39,472.0,1,58981,72748,-4,-0.104510
2026-01-09,28900,202603,C,1,2210.0,0,58981,72748,0,-0.104510
2026-01-09,28900,202603,P,11,495.0,6,58981,72748,-1,-0.104510
2026-01-09,29000,202603,C,163,2130.0,0,58981,72748,-17,-0.104510
2026-01-09,29000,202603,P,104,515.0,100,58981,72748,-10,-0.104510
2026-01-09,29100,202603,C,1,2060.0,0,58981,72748,0,-0.104510
2026-01-09,29100,202603,P,2,545.0,1,58981,72748,0,-0.104510
2026-01-09,29200,202603,C,32,1990.0,0,58981,72748,-3,-0.104510
2026-01-09,29300,202603,C,1,1910.0,0,58981,72748,0,-0.104510
2026-01-09,29300,202603,P,1,595.0,1,58981,72748,0,-0.104510
2026-01-09,29400,202603,C,106,1840.0,0,58981,72748,-11,-0.104510
2026-01-09,29400,202603,P,102,625.0,101,58981,72748,-10,-0.104510
2026-01-09,29500,202603,C,2,1770.0,1,58981,72748,0,-0.104510
2026-01-09,29500,202603,P,12,655.0,0,58981,72748,-1,-0.104510
2026-01-09,29600,202603,C,55,1700.0,1,58981,72748,-5,-0.104510
2026-01-09,29700,202603,C,5,1630.0,0,58981,72748,0,-0.104510
2026-01-09,29700,202603,P,1,720.0,0,58981,72748,0,-0.104510
2026-01-09,29800,202603,C,69,1560.0,0,58981,72748,-7,-0.104510
2026-01-09,29800,202603,P,38,750.0,3,58981,72748,-3,-0.104510
2026-01-09,29900,202603,C,7,1500.0,6,58981,72748,0,-0.104510
2026-01-09,29900,202603,P,5,785.0,0,58981,72748,0,-0.104510
2026-01-09,30000,202603,C,82,1440.0,20,58981,72748,-8,-0.104510
2026-01-09,30000,202603,P,24,815.0,3,58981,72748,-2,-0.104510
2026-01-09,30100,202603,C,17,1370.0,0,58981,72748,-1,-0.104510
2026-01-09,30100,202603,P,9,855.0,0,58981,72748,0,-0.104510
2026-01-09,30200,202603,C,9,1310.0,0,58981,72748,0,-0.104510
2026-01-09,30200,202603,P,3,895.0,0,58981,72748,0,-0.104510
2026-01-09,30300,202603,C,7,1250.0,9,58981,72748,0,-0.104510
2026-01-09,30300,202603,P,5,935.0,3,58981,72748,0,-0.104510
2026-01-09,30400,202603,C,21,1190.0,4,58981,72748,-2,-0.104510
2026-01-09,30400,202603,P,3,975.0,1,58981,72748,0,-0.104510
2026-01-09,30500,202603,C,41,1140.0,1,58981,72748,-4,-0.104510
2026-01-09,30500,202603,P,5,1020.0,1,58981,72748,0,-0.104510
2026-01-09,30600,202603,C,54,1080.0,21,58981,72748,-5,-0.104510
2026-01-09,30600,202603,P,250,1060.0,140,58981,72748,-26,-0.104510
2026-01-09,30700,202603,C,80,1030.0,63,58981,72748,-8,-0.104510
2026-01-09,30700,202603,P,1,1110.0,1,58981,72748,0,-0.104510
2026-01-09,30800,202603,C,70,980.0,20,58981,72748,-7,-0.104510
2026-01-09,30900,202603,C,45,930.0,20,58981,72748,-4,-0.104510
2026-01-09,30900,202603,P,2,1210.0,0,58981,72748,0,-0.104510
2026-01-09,31000,202603,C,103,885.0,23,58981,72748,-10,-0.104510
2026-01-09,31000,202603,P,168,1260.0,29,58981,72748,-17,-0.104510
2026-01-09,31100,202603,C,182,835.0,18,58981,72748,-19,-0.104510
2026-01-09,31100,202603,P,2,1320.0,0,58981,72748,0,-0.104510
2026-01-09,31200,202603,C,97,790.0,15,58981,72748,-10,-0.104510
2026-01-09,31300,202603,C,161,750.0,12,58981,72748,-16,-0.104510
2026-01-09,31300,202603,P,1,1430.0,0,58981,72748,0,-0.104510
2026-01-09,31400,202603,C,59,705.0,0,58981,72748,-6,-0.104510
2026-01-09,31400,202603,P,2,1490.0,2,58981,72748,0,-0.104510
2026-01-09,31500,202603,C,66,665.0,26,58981,72748,-6,-0.104510
2026-01-09,31500,202603,P,1,1550.0,1,58981,72748,0,-0.104510
2026-01-09,31600,202603,C,16,630.0,1,58981,72748,-1,-0.104510
2026-01-09,31700,202603,C,1,590.0,0,58981,72748,0,-0.104510
2026-01-09,31800,202603,C,13,560.0,1,58981,72748,-1,-0.104510
2026-01-09,31900,202603,C,1,525.0,0,58981,72748,0,-0.104510
2026-01-09,32000,202603,C,42,492.0,15,58981,72748,-4,-0.104510
2026-01-09,32100,202603,C,1,462.0,0,58981,72748,0,-0.104510
2026-01-09,32100,202603,P,1,1940.0,0,58981,72748,0,-0.104510
2026-01-09,32200,202603,C,11,434.0,0,58981,72748,-1,-0.104510
2026-01-09,32200,202603,P,1,2010.0,1,58981,72748,0,-0.104510
2026-01-09,32300,202603,C,2,404.0,0,58981,72748,0,-0.104510
2026-01-09,32400,202603,C,14,379.0,0,58981,72748,-1,-0.104510
2026-01-09,32400,202603,P,1,2160.0,0,58981,72748,0,-0.104510
2026-01-09,32500,202603,C,4,356.0,0,58981,72748,0,-0.104510
2026-01-09,32600,202603,C,15,334.0,10,58981,72748,-1,-0.104510
2026-01-09,32700,202603,C,13,311.0,0,58981,72748,-1,-0.104510
2026-01-09,32800,202603,C,99,290.0,3,58981,72748,-10,-0.104510
2026-01-09,32900,202603,C,2,270.0,2,58981,72748,0,-0.104510
2026-01-09,33000,202603,C,38,250.0,11,58981,72748,-3,-0.104510
2026-01-09,33100,202603,C,3,238.0,0,58981,72748,0,-0.104510
2026-01-09,33200,202603,C,31,222.0,9,58981,72748,-3,-0.104510
2026-01-09,33400,202603,C,40,194.0,0,58981,72748,-4,-0.104510
2026-01-09,33400,202603,P,1,2970.0,0,58981,72748,0,-0.104510
2026-01-09,33500,202603,C,2,179.0,4,58981,72748,0,-0.104510
2026-01-09,33600,202603,C,26,163.0,25,58981,72748,-2,-0.104510
2026-01-09,33800,202603,C,637,146.0,2,58981,72748,-66,-0.104510
2026-01-09,33800,202603,P,694,3320.0,2,58981,72748,-72,-0.104510
2026-01-09,34000,202603,C,32,126.0,0,58981,72748,-3,-0.104510
2026-01-09,34100,202603,C,1,117.0,0,58981,72748,0,-0.104510
2026-01-09,34200,202603,C,138,111.0,0,58981,72748,-14,-0.104510
2026-01-09,34200,202603,P,4,3680.0,0,58981,72748,0,-0.104510
2026-01-09,34500,202603,C,1,89.0,0,58981,72748,0,-0.104510
2026-01-09,34600,202603,C,2,82.0,0,58981,72748,0,-0.104510
2026-01-09,34700,202603,C,1,76.0,0,58981,72748,0,-0.104510
2026-01-09,35000,202603,C,10,61.0,10,58981,72748,-1,-0.104510
2026-01-09,35200,202603,C,10,53.0,1,58981,72748,-1,-0.104510
2026-01-09,20200,202606,C,5,10570.0,0,58981,72748,0,-0.104510
2026-01-09,20200,202606,P,420,95.0,10,58981,72748,-43,-0.104510
2026-01-09,20400,202606,C,2,10370.0,0,58981,72748,0,-0.104510
2026-01-09,20400,202606,P,75,99.0,1,58981,72748,-7,-0.104510
2026-01-09,20600,202606,C,1,10180.0,0,58981,72748,0,-0.104510
2026-01-09,20600,202606,P,8,110.0,1,58981,72748,0,-0.104510
2026-01-09,20800,202606,C,1,9980.0,0,58981,72748,0,-0.104510
2026-01-09,20800,202606,P,34,112.0,0,58981,72748,-3,-0.104510
2026-01-09,21000,202606,C,2,9790.0,0,58981,72748,0,-0.104510
2026-01-09,21000,202606,P,43,115.0,0,58981,72748,-4,-0.104510
2026-01-09,21200,202606,P,44,119.0,0,58981,72748,-4,-0.104510
2026-01-09,21400,202606,P,1,124.0,0,58981,72748,0,-0.104510
2026-01-09,21600,202606,P,8,130.0,0,58981,72748,0,-0.104510
2026-01-09,21800,202606,P,16,137.0,0,58981,72748,-1,-0.104510
2026-01-09,22000,202606,C,1,8820.0,0,58981,72748,0,-0.104510
2026-01-09,22000,202606,P,197,144.0,22,58981,72748,-20,-0.104510
2026-01-09,22200,202606,C,1,8630.0,0,58981,72748,0,-0.104510
2026-01-09,22200,202606,P,4,151.0,0,58981,72748,0,-0.104510
2026-01-09,22400,202606,P,42,158.0,0,58981,72748,-4,-0.104510
2026-01-09,22600,202606,P,5,166.0,0,58981,72748,0,-0.104510
2026-01-09,22800,202606,P,5,175.0,1,58981,72748,0,-0.104510
2026-01-09,23000,202606,C,1,7870.0,0,58981,72748,0,-0.104510
2026-01-09,23000,202606,P,27,179.0,0,58981,72748,-2,-0.104510
2026-01-09,23200,202606,P,11,184.0,1,58981,72748,-1,-0.104510
2026-01-09,23400,202606,P,6,203.0,0,58981,72748,0,-0.104510
2026-01-09,23600,202606,P,9,216.0,0,58981,72748,0,-0.104510
2026-01-09,23800,202606,C,1,7120.0,0,58981,72748,0,-0.104510
2026-01-09,23800,202606,P,213,225.0,0,58981,72748,-22,-0.104510
2026-01-09,24000,202606,P,42,238.0,1,58981,72748,-4,-0.104510
2026-01-09,24200,202606,P,4,250.0,0,58981,72748,0,-0.104510
2026-01-09,24400,202606,P,7,272.0,0,58981,72748,0,-0.104510
2026-01-09,24600,202606,P,2,280.0,0,58981,72748,0,-0.104510
2026-01-09,24800,202606,P,3,295.0,0,58981,72748,0,-0.104510
2026-01-09,25000,202606,P,35,315.0,5,58981,72748,-3,-0.104510
2026-01-09,25400,202606,C,1,5660.0,0,58981,72748,0,-0.104510
2026-01-09,25400,202606,P,4,349.0,0,58981,72748,0,-0.104510
2026-01-09,25600,202606,C,1,5480.0,0,58981,72748,0,-0.104510
2026-01-09,25600,202606,P,1,369.0,0,58981,72748,0,-0.104510
2026-01-09,25800,202606,C,1,5300.0,0,58981,72748,0,-0.104510
2026-01-09,25800,202606,P,2,391.0,0,58981,72748,0,-0.104510
2026-01-09,26000,202606,C,1,5130.0,0,58981,72748,0,-0.104510
2026-01-09,26000,202606,P,41,417.0,0,58981,72748,-4,-0.104510
2026-01-09,26200,202606,C,2,4950.0,0,58981,72748,0,-0.104510
2026-01-09,26200,202606,P,11,442.0,0,58981,72748,-1,-0.104510
2026-01-09,26400,202606,C,5,4780.0,0,58981,72748,0,-0.104510
2026-01-09,26400,202606,P,8,469.0,0,58981,72748,0,-0.104510
2026-01-09,26600,202606,C,10,4610.0,0,58981,72748,-1,-0.104510
2026-01-09,26600,202606,P,7,496.0,0,58981,72748,0,-0.104510
2026-01-09,26800,202606,C,1,4450.0,0,58981,72748,0,-0.104510
2026-01-09,26800,202606,P,14,530.0,0,58981,72748,-1,-0.104510
2026-01-09,27000,202606,C,10,4280.0,0,58981,72748,-1,-0.104510
2026-01-09,27000,202606,P,40,560.0,50,58981,72748,-4,-0.104510
2026-01-09,27200,202606,C,17,4120.0,0,58981,72748,-1,-0.104510
2026-01-09,27200,202606,P,18,595.0,0,58981,72748,-1,-0.104510
2026-01-09,27400,202606,C,4,3960.0,0,58981,72748,0,-0.104510
2026-01-09,27400,202606,P,20,635.0,0,58981,72748,-2,-0.104510
2026-01-09,27600,202606,C,9,3790.0,0,58981,72748,0,-0.104510
2026-01-09,27600,202606,P,10,670.0,0,58981,72748,-1,-0.104510
2026-01-09,27800,202606,C,34,3640.0,0,58981,72748,-3,-0.104510
2026-01-09,27800,202606,P,4,710.0,50,58981,72748,0,-0.104510
2026-01-09,28000,202606,C,27,3490.0,0,58981,72748,-2,-0.104510
2026-01-09,28000,202606,P,15,760.0,0,58981,72748,-1,-0.104510
2026-01-09,28200,202606,C,10,3330.0,0,58981,72748,-1,-0.104510
2026-01-09,28200,202606,P,54,805.0,0,58981,72748,-5,-0.104510
2026-01-09,28400,202606,C,50,3180.0,0,58981,72748,-5,-0.104510
2026-01-09,28400,202606,P,12,855.0,0,58981,72748,-1,-0.104510
2026-01-09,28600,202606,C,113,3040.0,0,58981,72748,-11,-0.104510
2026-01-09,28600,202606,P,6,905.0,0,58981,72748,0,-0.104510
2026-01-09,28800,202606,C,126,2890.0,0,58981,72748,-13,-0.104510
2026-01-09,29000,202606,C,90,2750.0,0,58981,72748,-9,-0.104510
2026-01-09,29000,202606,P,7,1020.0,0,58981,72748,0,-0.104510
2026-01-09,29200,202606,C,30,2620.0,0,58981,72748,-3,-0.104510
2026-01-09,29200,202606,P,13,1080.0,0,58981,72748,-1,-0.104510
2026-01-09,29400,202606,C,37,2480.0,0,58981,72748,-3,-0.104510
2026-01-09,29400,202606,P,10,1140.0,0,58981,72748,-1,-0.104510
2026-01-09,29600,202606,C,47,2350.0,0,58981,72748,-4,-0.104510
2026-01-09,29600,202606,P,1,1210.0,0,58981,72748,0,-0.104510
2026-01-09,29800,202606,C,64,2220.0,0,58981,72748,-6,-0.104510
2026-01-09,30000,202606,C,245,2100.0,30,58981,72748,-25,-0.104510
2026-01-09,30000,202606,P,3,1360.0,0,58981,72748,0,-0.104510
2026-01-09,30200,202606,C,25,1990.0,0,58981,72748,-2,-0.104510
2026-01-09,30400,202606,C,5,1880.0,1,58981,72748,0,-0.104510
2026-01-09,30400,202606,P,4,1530.0,1,58981,72748,0,-0.104510
2026-01-09,30600,202606,C,7,1770.0,0,58981,72748,0,-0.104510
2026-01-09,30600,202606,P,35,1620.0,30,58981,72748,-3,-0.104510
2026-01-09,30800,202606,C,134,1650.0,10,58981,72748,-14,-0.104510
2026-01-09,30800,202606,P,71,1700.0,30,58981,72748,-7,-0.104510
2026-01-09,31000,202606,C,26,1540.0,1,58981,72748,-2,-0.104510
2026-01-09,31200,202606,C,2,1440.0,0,58981,72748,0,-0.104510
2026-01-09,31400,202606,C,20,1350.0,0,58981,72748,-2,-0.104510
2026-01-09,31600,202606,C,51,1260.0,1,58981,72748,-5,-0.104510
2026-01-09,31600,202606,P,2,2110.0,0,58981,72748,0,-0.104510
2026-01-09,31800,202606,C,70,1180.0,0,58981,72748,-7,-0.104510
2026-01-09,31800,202606,P,4,2220.0,0,58981,72748,0,-0.104510
2026-01-09,32000,202606,C,79,1100.0,21,58981,72748,-8,-0.104510
2026-01-09,32200,202606,C,66,1020.0,0,58981,72748,-6,-0.104510
2026-01-09,32400,202606,C,52,945.0,1,58981,72748,-5,-0.104510
2026-01-09,32600,202606,C,65,875.0,0,58981,72748,-6,-0.104510
2026-01-09,32800,202606,C,37,805.0,0,58981,72748,-3,-0.104510
2026-01-09,33000,202606,C,11,745.0,1,58981,72748,-1,-0.104510
2026-01-09,33200,202606,C,14,690.0,0,58981,72748,-1,-0.104510
2026-01-09,33400,202606,C,48,640.0,0,58981,72748,-5,-0.104510
2026-01-09,33600,202606,C,22,585.0,0,58981,72748,-2,-0.104510
2026-01-09,33800,202606,C,4,540.0,0,58981,72748,0,-0.104510
2026-01-09,34000,202606,C,8,500.0,0,58981,72748,0,-0.104510
2026-01-09,34200,202606,C,43,463.0,0,58981,72748,-4,-0.104510
2026-01-09,34400,202606,C,20,428.0,0,58981,72748,-2,-0.104510
2026-01-09,34600,202606,C,5,395.0,0,58981,72748,0,-0.104510
2026-01-09,34800,202606,C,33,364.0,0,58981,72748,-3,-0.104510
2026-01-09,35000,202606,C,1,335.0,0,58981,72748,0,-0.104510
2026-01-09,35200,202606,C,1,308.0,0,58981,72748,0,-0.104510
2026-01-09,35800,202606,C,1,238.0,0,58981,72748,0,-0.104510
2026-01-09,36800,202606,C,67,145.0,0,58981,72748,-7,-0.104510
2026-01-09,21800,202609,P,44,265.0,5,58981,72748,-4,-0.104510
2026-01-09,22000,202609,C,1,8720.0,0,58981,72748,0,-0.104510
2026-01-09,22000,202609,P,96,285.0,0,58981,72748,-10,-0.104510
2026-01-09,22200,202609,P,4,297.0,0,58981,72748,0,-0.104510
2026-01-09,22400,202609,P,2,311.0,0,58981,72748,0,-0.104510
2026-01-09,22600,202609,P,4,324.0,0,58981,72748,0,-0.104510
2026-01-09,22800,202609,P,16,339.0,0,58981,72748,-1,-0.104510
2026-01-09,23000,202609,P,26,355.0,0,58981,72748,-2,-0.104510
2026-01-09,23200,202609,P,13,371.0,0,58981,72748,-1,-0.104510
2026-01-09,23400,202609,P,17,389.0,0,58981,72748,-1,-0.104510
2026-01-09,23600,202609,P,21,407.0,0,58981,72748,-2,-0.104510
2026-01-09,23800,202609,P,17,427.0,0,58981,72748,-1,-0.104510
2026-01-09,24000,202609,P,24,439.0,1,58981,72748,-2,-0.104510
2026-01-09,24200,202609,P,2,470.0,0,58981,72748,0,-0.104510
2026-01-09,24400,202609,P,4,493.0,0,58981,72748,0,-0.104510
2026-01-09,24600,202609,P,3,520.0,1,58981,72748,0,-0.104510
2026-01-09,24800,202609,P,1,545.0,0,58981,72748,0,-0.104510
2026-01-09,25000,202609,P,22,575.0,0,58981,72748,-2,-0.104510
2026-01-09,25200,202609,P,3,600.0,0,58981,72748,0,-0.104510
2026-01-09,25400,202609,P,1,630.0,0,58981,72748,0,-0.104510
2026-01-09,25600,202609,P,1,660.0,0,58981,72748,0,-0.104510
2026-01-09,25800,202609,P,1,690.0,0,58981,72748,0,-0.104510
2026-01-09,26000,202609,P,5,725.0,0,58981,72748,0,-0.104510
2026-01-09,26200,202609,P,2,760.0,0,58981,72748,0,-0.104510
2026-01-09,26400,202609,P,3,805.0,0,58981,72748,0,-0.104510
2026-01-09,27000,202609,P,13,955.0,1,58981,72748,-1,-0.104510
2026-01-09,27400,202609,C,1,4150.0,0,58981,72748,0,-0.104510
2026-01-09,27600,202609,C,2,4000.0,0,58981,72748,0,-0.104510
2026-01-09,27600,202609,P,1,1100.0,0,58981,72748,0,-0.104510
2026-01-09,27800,202609,P,2,1150.0,0,58981,72748,0,-0.104510
2026-01-09,28000,202609,C,12,3710.0,0,58981,72748,-1,-0.104510
2026-01-09,28000,202609,P,29,1200.0,0,58981,72748,-3,-0.104510
2026-01-09,28200,202609,C,1,3570.0,0,58981,72748,0,-0.104510
2026-01-09,28400,202609,C,2,3430.0,0,58981,72748,0,-0.104510
2026-01-09,28400,202609,P,1,1310.0,0,58981,72748,0,-0.104510
2026-01-09,28800,202609,C,1,3150.0,0,58981,72748,0,-0.104510
2026-01-09,29000,202609,P,14,1490.0,0,58981,72748,-1,-0.104510
2026-01-09,29200,202609,C,2,2890.0,0,58981,72748,0,-0.104510
2026-01-09,29400,202609,C,3,2760.0,0,58981,72748,0,-0.104510
2026-01-09,29400,202609,P,1,1630.0,0,58981,72748,0,-0.104510
2026-01-09,29600,202609,C,2,2630.0,0,58981,72748,0,-0.104510
2026-01-09,29600,202609,P,2,1700.0,1,58981,72748,0,-0.104510
2026-01-09,29800,202609,C,5,2520.0,0,58981,72748,0,-0.104510
2026-01-09,29800,202609,P,4,1780.0,0,58981,72748,0,-0.104510
2026-01-09,30000,202609,C,26,2410.0,0,58981,72748,-2,-0.104510
2026-01-09,30000,202609,P,2,1870.0,1,58981,72748,0,-0.104510
2026-01-09,30200,202609,C,2,2300.0,0,58981,72748,0,-0.104510
2026-01-09,30200,202609,P,1,1960.0,0,58981,72748,0,-0.104510
2026-01-09,30400,202609,C,1,2200.0,0,58981,72748,0,-0.104510
2026-01-09,30400,202609,P,5,2060.0,0,58981,72748,0,-0.104510
2026-01-09,30600,202609,C,4,2100.0,0,58981,72748,0,-0.104510
2026-01-09,30600,202609,P,1,2150.0,0,58981,72748,0,-0.104510
2026-01-09,30800,202609,C,2,2000.0,0,58981,72748,0,-0.104510
2026-01-09,31000,202609,C,6,1900.0,0,58981,72748,0,-0.104510
2026-01-09,31200,202609,P,5,2460.0,0,58981,72748,0,-0.104510
2026-01-09,31400,202609,C,1,1720.0,0,58981,72748,0,-0.104510
2026-01-09,31800,202609,C,3,1550.0,0,58981,72748,0,-0.104510
2026-01-09,32000,202609,C,7,1470.0,0,58981,72748,0,-0.104510
2026-01-09,32200,202609,C,1,1390.0,0,58981,72748,0,-0.104510
2026-01-09,33000,202609,C,1,1100.0,0,58981,72748,0,-0.104510
2026-01-09,33200,202609,C,10,1040.0,0,58981,72748,-1,-0.104510
2026-01-09,33600,202609,C,6,920.0,0,58981,72748,0,-0.104510
2026-01-09,33800,202609,C,5,860.0,0,58981,72748,0,-0.104510
2026-01-09,34000,202609,C,2,805.0,0,58981,72748,0,-0.104510
2026-01-09,34200,202609,C,3,755.0,0,58981,72748,0,-0.104510
2026-01-09,34400,202609,C,3,705.0,0,58981,72748,0,-0.104510
2026-01-09,34600,202609,C,10,660.0,0,58981,72748,-1,-0.104510
2026-01-09,34800,202609,C,3,615.0,0,58981,72748,0,-0.104510
2026-01-09,35000,202609,C,1,575.0,0,58981,72748,0,-0.104510
2026-01-09,35400,202609,C,4,505.0,0,58981,72748,0,-0.104510
2026-01-09,35800,202609,C,1,446.0,0,58981,72748,0,-0.104510
2026-01-09,36200,202609,C,1,392.0,0,58981,72748,0,-0.104510
2026-01-09,36800,202609,C,19,323.0,1,58981,72748,-1,-0.104510
